restaurant_name,city,price_per_person,cuisine,opening_time,closing_time,nearby_attraction_name,rating,tags
Cool Car Trendy American Restaurant (Beitou Xin'ao Shopping Center Branch),Beijing,86.0,Sports and leisure services; Entertainment venue; Entertainment venue | Dining services; Chinese restaurant; Chinese restaurant,10:00,22:00,Water Cube (National Aquatics Center),4.2,Outdoor seating; Birthday set meal service; Must-Eat List Top 10
Goose Island Taproom (Beichen Hui Branch),Beijing,126.0,Sports and leisure services; Entertainment venue; Bar,11:00,21:00,China National Convention Center,4.5,Private rooms available; Online queueing
COMMUNE·X Illusionist (Sanlitun Taikoo Li South Branch),Beijing,170.0,Sports and leisure services; Entertainment venue; Bar | Dining services; Foreign restaurant; Western restaurant (Mixed flavors),11:00,03:00,Fuguo Underwater World,4.8,Private rooms available; Online queueing; Outdoor seating; Waiting area available
Tongshenghe Community Canteen Elderly Dining Hall,Beijing,100.0,Company and enterprise; Company; Company,11:00,21:00,Beijing Qushui Lanting Spa,4.3,Must-Eat List Top 10; Online queueing; Waiting area available; Birthday set meal service
He Space,Beijing,100.0,Company and enterprise; Company; Company | Dining services; Cafe; Cafe,10:00,18:00,798 Art District,4.2,Must-Eat List Top 10; Waiting area available; Birthday set meal service; Outdoor seating; Online queueing
Beiping Garden (Tiananmen Branch),Beijing,291.0,Business and residential;Residential area;Residential community;Dining services;Foreign restaurant,11:00,23:00,Monument to the People's Heroes,4.5,Must-Eat List Top 10;Birthday set meal service;Private rooms available;Online queueing;Outdoor seating;Waiting area available
Beidahuang Restaurant (Anhui Dongli Branch),Beijing,80.0,Dining services; Chinese restaurant; Northeastern cuisine,16:30,21:30,Beijing International Convention Center,4.5,Birthday set meal service; Private rooms available
Pinweixiang Restaurant,Beijing,19.0,Dining services; Chinese restaurant; Northeastern cuisine,06:30,21:30,Simatai Great Wall,4.2,Birthday set meal service; Outdoor seating
Jinshoushao (Qianmen Branch),Beijing,70.0,Dining services; Chinese restaurant; Northeastern cuisine,10:00,22:00,Yangmeizhuxie Street,4.3,Waiting area available; Online queueing; Private rooms available; Must-Eat List Top 10
Anpingli Restaurant (Liulichang Cultural Street Branch),Beijing,32.0,Dining services; Chinese restaurant; Northeastern cuisine | Business and residential; Business and residential related; Business and residential related,17:00,21:00,Huguang Guild Hall,4.3,Private rooms available; Waiting area available
Yebozhai Imperial Vegetarian,Beijing,147.0,Dining services;Chinese restaurant;Chinese vegetarian restaurant,10:30,21:00,Wudaoying Hutong,4.2,Outdoor seating;Birthday set meal service;Private rooms available;Waiting area available;Must-Eat List Top 10;Online queueing
Yixiu Fang Restaurant · Cantonese Cuisine · Roast Duck (Xizhimen Branch),Beijing,221.0,Catering Services; Chinese Restaurant; Chinese Restaurant,17:30,21:00,Beijing Zoo,4.5,Birthday set meal service; Private rooms available
Beijing Olympic Tower Sky Restaurant,Beijing,485.0,Catering Services; Chinese Restaurant; Chinese Restaurant,11:00,21:30,China National Convention Center,4.3,Online queueing
Taihe Wanwu Vegetarian Restaurant,Beijing,239.0,Catering Services; Chinese Restaurant; Chinese Restaurant,16:30,21:30,China Customs Museum,4.5,Outdoor seating; Online queueing
Yuexiu Xuan Chinese Restaurant,Beijing,288.0,Catering Services; Chinese Restaurant; Chinese Restaurant,17:30,22:00,Water Cube Water Park,4.1,Outdoor seating; Online queueing; Birthday set meal service; Waiting area available; Must-Eat List Top 10
Jiayuan Hotel,Beijing,477.0,Catering Services; Chinese Restaurant; Chinese Restaurant,17:30,22:00,Beijing Wildlife Park,4.5,Private rooms available; Waiting area available; Must-Eat List Top 10; Birthday set meal service
Jiuruli Restaurant (Huancheng Fang Branch),Beijing,459.0,Catering Services; Chinese Restaurant; Chinese Restaurant,11:00,21:00,Shidu Juma Paradise,4.2,Outdoor seating; Online queueing
Wenxin Renjia Restaurant,Beijing,56.0,Catering Services; Chinese Restaurant; Chinese Restaurant,09:00,22:00,Guyaju Scenic Area,4.1,Outdoor seating; Online queueing; Must-Eat List Top 10
Renmin Gongshe Tie Fanwan (Lianhuachi Branch),Beijing,62.0,Catering Services; Chinese Restaurant; Chinese Restaurant,09:30,21:30,Lianhuachi Park,4.3,Outdoor seating; Birthday set meal service
Miao Jiapo Baozi Shop (Chengxian Street Branch),Beijing,20.0,Catering Services; Chinese Restaurant; Chinese Restaurant,05:00,20:30,Wudaoying Hutong,4.6,Birthday set meal service; Online queueing; Outdoor seating; Must-Eat List Top 10
Jindou Restaurant,Beijing,47.0,Catering Services;Chinese Restaurant,10:00,22:00,Monument to the People's Heroes,4.4,Outdoor seating;Waiting area available;Birthday set meal service;Online queueing;Private rooms available
Yuanwei Northwest Restaurant (Zhonghe Zhongyuan Branch),Beijing,56.0,Catering Services; Chinese Restaurant; Chinese Restaurant,10:30,23:00,Tsinghua University,4.2,Outdoor seating; Online queueing
Lijiang Banquet (Hongshan Jiayuan Zone K Branch),Beijing,75.0,Catering Services; Chinese Restaurant; Chinese Restaurant,17:00,21:00,Longtan Park,4.1,Outdoor seating
Swan Lake Restaurant,Beijing,44.0,Catering Services; Chinese Restaurant; Chinese Restaurant,09:00,16:00,Beijing Zoo,4.6,Online queueing; Outdoor seating
Fengrui Hotel Restaurant,Beijing,49.0,Catering Services; Chinese Restaurant; Chinese Restaurant,17:00,21:00,Beijing Exhibition Center,4.2,Outdoor seating; Birthday set meal service
Rainforest Restaurant,Beijing,50.0,Catering Services; Chinese Restaurant; Chinese Restaurant,10:00,19:00,Gubei Water Town,3.8,Online queueing; Private rooms available; Must-Eat List Top 10
Mo Jie Restaurant Sichuan-Hunan Cuisine,Beijing,36.0,Catering Services; Chinese Restaurant; Chinese Restaurant,10:00,23:00,Future Water World,3.8,Private rooms available; Online queueing; Must-Eat List Top 10
Ganluyuan Convenience Restaurant (Ganluyuan Nanli Zone 2 Branch),Beijing,14.0,Catering Services; Chinese Restaurant; Chinese Restaurant,06:00,24:00,Beijing Qushui Lanting Spa,4.3,Private rooms available; Waiting area available; Birthday set meal service; Online queueing
Xiao Fanguan Da Chushi,Beijing,61.0,Catering Services; Chinese Restaurant; Chinese Restaurant,09:00,24:00,Beijing Qushui Lanting Spa,4.8,Waiting area available; Online queueing
Dongfa Dao Tea & Ice Hall (Xidan Joy City Branch),Beijing,77.0,Catering Services; Chinese Restaurant; Chinese Restaurant,11:00,21:30,Xidan Commercial Street,4.5,Birthday set meal service; Online queueing; Waiting area available; Must-Eat List Top 10
Nancheng Xiang (Meishikou Branch),Beijing,24.0,Catering Services; Chinese Restaurant; Chinese Restaurant,06:00,21:30,HI-Fun Competitive Theme Park,4.3,Must-Eat List Top 10; Private rooms available; Birthday set meal service; Outdoor seating
Nuoya Restaurant,Beijing,48.0,Catering Services; Chinese Restaurant; Chinese Restaurant,11:00,21:00,Former Residence of Ji Xiaolan,4.2,Waiting area available; Birthday set meal service; Private rooms available; Online queueing; Must-Eat List Top 10
Jingshuju Restaurant,Beijing,65.0,Catering Services; Chinese Restaurant; Chinese Restaurant,11:00,21:00,Longtan Zhonghu Park,4.5,Must-Eat List Top 10; Online queueing
Huanxi Curry Restaurant (Beichen Hui Branch),Beijing,79.0,Catering Services; Chinese Restaurant; Chinese Restaurant,10:00,22:00,China National Convention Center,4.3,Private rooms available; Must-Eat List Top 10
Xingfu Linli Restaurant,Beijing,28.0,Catering Services; Chinese Restaurant; Chinese Restaurant,17:00,20:30,teamLab Borderless,4.8,Must-Eat List Top 10; Private rooms available
Wufu Xiang Manlou,Beijing,66.0,Catering Services; Chinese Restaurant; Chinese Restaurant,16:30,22:00,Wendu Water City · Water Dream Wonderland,4.2,Must-Eat List Top 10; Online queueing; Birthday set meal service; Private rooms available; Waiting area available
Qin Renju Restaurant (Daxing Yinghai Branch),Beijing,57.0,Catering Services; Chinese Restaurant; Chinese Restaurant,10:30,22:30,Nanhaizi Park,4.5,Must-Eat List Top 10; Online queueing
Longhong Restaurant,Beijing,34.0,Catering Services; Chinese Restaurant; Chinese Restaurant,11:00,21:00,Beihai Park,4.3,Must-Eat List Top 10; Waiting area available; Online queueing; Private rooms available
Chatang Li Jingwei Restaurant (Gulou Branch),Beijing,52.0,Catering Services; Chinese Restaurant; Chinese Restaurant,10:00,21:00,Nanluoguxiang,4.8,Private rooms available; Waiting area available; Birthday set meal service; Must-Eat List Top 10; Outdoor seating
Airport Restaurant (Terminal 1 Branch),Beijing,56.0,Catering Services; Chinese Restaurant; Chinese Restaurant,09:00,21:00,Shidu Juma Paradise,4.3,Birthday set meal service
Xinhe Xiaoguan · 20-Year Old Shop (Beixinqiao Branch),Beijing,37.0,Catering Services; Chinese Restaurant; Chinese Restaurant,10:30,22:00,Nanluoguxiang,4.6,Outdoor seating; Online queueing
Huiyuan Restaurant,Beijing,74.0,Catering Services; Chinese Restaurant; Chinese Restaurant,17:30,21:30,Beijing International Convention Center,4.2,Must-Eat List Top 10; Online queueing; Outdoor seating; Waiting area available; Private rooms available
Beijing Academy of Social Sciences Restaurant,Beijing,40.0,Catering Services; Chinese Restaurant; Chinese Restaurant,16:30,20:00,Museum of the Chinese People's Revolution,4.2,Private rooms available; Online queueing; Waiting area available; Birthday set meal service
Green Tea Restaurant (Beijing Longhu Xingyue Hui Branch),Beijing,70.0,Catering Services;Chinese Restaurant,11:00,22:00,Seventeen-Arch Bridge,4.5,Birthday set meal service;Private rooms available;Waiting area available;Must-Eat List Top 10;Online queueing;Outdoor seating
China Eastern Preferred Restaurant (China Eastern Crew Dormitory Branch),Beijing,32.0,Catering Services; Chinese Restaurant; Chinese Restaurant,11:00,21:00,Beijing Wildlife Park,3.7,Must-Eat List Top 10; Birthday set meal service; Online queueing; Private rooms available; Outdoor seating
Gangyuan Restaurant (Baiguang Road No. 6 Courtyard Branch),Beijing,22.0,Catering Services; Chinese Restaurant; Chinese Restaurant,11:00,13:30,Beijing Grand View Garden,4.4,Waiting area available; Birthday set meal service; Must-Eat List Top 10
Shenzhen Airport Staff Restaurant,Beijing,25.0,Catering Services; Chinese Restaurant; Chinese Restaurant,16:00,19:00,Beijing Wildlife Park,3.8,Outdoor seating; Online queueing; Waiting area available
Bo'ai Hospital Nutrition Restaurant (Kangcan Fang),Beijing,22.0,Catering Services; Chinese Restaurant; Chinese Restaurant,17:00,19:00,World Flower Park,3.8,Waiting area available; Must-Eat List Top 10
Yuanhui Shifu (Haoheng Building Branch),Beijing,62.0,Catering Services; Chinese Restaurant; Chinese Restaurant,17:00,21:00,Leduogang Kale Planet,4.6,Outdoor seating; Private rooms available
Shatan Restaurant,Beijing,31.0,Catering Services; Chinese Restaurant; Chinese Restaurant,07:00,22:00,Jingshan Park,4.2,Online queueing; Outdoor seating; Must-Eat List Top 10; Waiting area available; Private rooms available; Birthday set meal service
Jingfu Restaurant (Dashilan West Street Commercial Branch),Beijing,55.0,Catering Services; Chinese Restaurant; Chinese Restaurant,06:30,22:30,Yangmeizhuxie Street,4.5,Outdoor seating; Private rooms available; Online queueing
Beijing Oriental Hotel · Weidao 1918 Restaurant,Beijing,75.0,Catering Services; Chinese Restaurant; Chinese Restaurant,17:30,21:30,Beijing Liyuan Theatre,4.5,Must-Eat List Top 10
Xiluoyuan Elderly Restaurant (Xiluoyuan Community 4 Branch),Beijing,30.0,Catering Services; Chinese Restaurant; Chinese Restaurant,17:00,22:00,Taoranting Park Ice Rink,4.4,Birthday set meal service; Online queueing; Outdoor seating; Private rooms available
Hutong Xiaochuan (Puhuangyu Branch),Beijing,79.0,Catering Services; Chinese Restaurant; Chinese Restaurant,17:00,01:00,Circular Mound Altar,4.7,Must-Eat List Top 10; Birthday set meal service
Pinwei Restaurant,Beijing,34.0,Catering Services; Chinese Restaurant; Chinese Restaurant,11:00,21:00,Former Residence of Ji Xiaolan,4.0,Waiting area available; Birthday set meal service
Green Tea Restaurant (Beijing Intime IN88 Branch),Beijing,74.0,Catering Services; Chinese Restaurant; Chinese Restaurant,11:00,21:30,Old Beijing Style Street,4.6,Outdoor seating; Private rooms available; Waiting area available; Must-Eat List Top 10; Birthday set meal service; Online queueing
Ai Zhuanjiao Guochuang Restaurant (Guochuang Industrial Park Branch),Beijing,26.0,Catering Services; Chinese Restaurant; Chinese Restaurant,17:00,19:00,Wangjing SOHO,3.9,Birthday set meal service; Outdoor seating; Online queueing
Green Tea Restaurant (Xidan Galeries Lafayette Branch),Beijing,78.0,Catering Services; Chinese Restaurant; Chinese Restaurant,10:00,22:00,Xidan Commercial Street,4.7,Birthday set meal service; Online queueing
Jinliang Restaurant,Beijing,34.0,Catering Services; Chinese Restaurant; Chinese Restaurant,08:00,21:30,Beijing Wildlife Park,3.9,Waiting area available; Outdoor seating
Tsinghua University Heyuan Restaurant,Beijing,20.0,Catering Services; Chinese Restaurant; Chinese Restaurant,17:00,19:00,Tsinghua University,4.6,Outdoor seating; Private rooms available; Birthday set meal service; Online queueing
Jiefang Hotel Chinese Restaurant,Beijing,19.0,Catering Services; Chinese Restaurant; Chinese Restaurant,11:00,20:00,Shidu Juma Paradise,3.6,Must-Eat List Top 10; Online queueing
Yamei Restaurant (Zhenwumiao Sili Branch),Beijing,36.0,Catering Services; Chinese Restaurant; Chinese Restaurant,11:00,21:00,Capital Museum,4.1,Birthday set meal service; Online queueing; Outdoor seating; Private rooms available
Shanglin Garden No. 89 Tea Restaurant,Beijing,733.0,Catering Services; Chinese Restaurant; Chinese Restaurant,10:00,23:00,HI-Fun Competitive Theme Park,4.5,Must-Eat List Top 10; Online Queue Number; Waiting Area Available; Birthday Set Meal Service; Private Rooms Available
Guofeng Family Restaurant (Bird's Nest View Branch),Beijing,556.0,Catering Services; Chinese Restaurant; Chinese Restaurant,16:30,22:00,Beiding Niangniang Temple,4.6,Private Rooms Available; Online Queue Number; Must-Eat List Top 10; Outdoor Seating; Birthday Set Meal Service
Wangxiangyan Courtyard Restaurant · 798 Living Room (Jiuxianqiao · Wangjing Branch),Beijing,99.0,Catering Services; Chinese Restaurant; Chinese Restaurant,10:00,21:00,798 Art District,4.7,Birthday Set Meal Service; Waiting Area Available; Must-Eat List Top 10; Outdoor Seating; Online Queue Number
Qishiwai Restaurant,Beijing,100.0,Catering Services; Chinese Restaurant; Chinese Restaurant,11:00,21:00,Guyaju Scenic Area,3.9,Private Rooms Available; Waiting Area Available; Must-Eat List Top 10; Online Queue Number; Outdoor Seating; Birthday Set Meal Service
Backyard Restaurant (Lianhuachi Xili Branch),Beijing,100.0,Catering Services; Chinese Restaurant; Chinese Restaurant,10:00,22:00,Lianhuachi Park,4.6,Waiting Area Available
Tangchu (Wudaoying Branch),Beijing,100.0,Catering Services; Chinese Restaurant; Chinese Restaurant,17:30,21:30,Wudaoying Hutong,4.2,Waiting Area Available; Online Queue Number; Must-Eat List Top 10; Outdoor Seating
Juqi (Qianmen Branch),Beijing,84.0,Catering Services; Chinese Restaurant; Chinese Restaurant,11:00,21:00,Monument to the People's Heroes,4.6,Outdoor Seating; Online Queue Number; Waiting Area Available; Birthday Set Meal Service
Jingcheng Xiaoyuan Hutong Cuisine Terrace Bistro,Beijing,82.0,Catering Services; Chinese Restaurant; Chinese Restaurant,11:00,22:00,Shichahai,4.6,Private Rooms Available; Waiting Area Available; Outdoor Seating; Online Queue Number; Must-Eat List Top 10; Birthday Set Meal Service
Sheng Yongxing Roast Duck Restaurant (Wanhe Building Branch),Beijing,198.0,Catering Services; Chinese Restaurant; Chinese Restaurant,11:00,21:00,Beiding Niangniang Temple,4.5,Private Rooms Available; Online Queue Number; Birthday Set Meal Service
Personnel Department Career Building Office Area Restaurant,Beijing,100.0,Catering Services; Chinese Restaurant; Chinese Restaurant,11:00,21:00,Yuan Dynasty Capital City Wall Ruins Park,2.4,Outdoor seating; Birthday set meal service
Luo Xiaochu Restaurant (Yiling Building Branch),Beijing,100.0,Catering Services; Chinese Restaurant; Chinese Restaurant,11:00,21:00,Deyun Society Theater,4.0,Must-Eat List Top 10; Online queueing
Ganxiang Courtyard Bamboo Forest Courtyard Restaurant (Guomao Dawanglu Branch),Beijing,121.0,Catering Services; Chinese Restaurant; Chinese Restaurant,11:00,22:30,Today Art Museum,4.4,Private rooms available; Must-Eat List Top 10
Yunwei Art Restaurant,Beijing,98.0,Catering Services; Chinese Restaurant; Chinese Restaurant,04:30,21:30,Tongzhou Canal Cruise,4.0,Outdoor Seating; Birthday Set Meal Service; Must-Eat List Top 10; Private Rooms Available; Waiting Area Available
Lanxiangjing Restaurant,Beijing,100.0,Catering Services; Chinese Restaurant; Chinese Restaurant,11:00,21:00,Xiangshan Park,3.9,Outdoor seating
Ganyuan Jiangxi Courtyard Restaurant,Beijing,114.0,Catering Services; Chinese Restaurant; Chinese Restaurant,10:00,22:30,Today Art Museum,4.7,Must-Eat List Top 10; Private Rooms Available; Outdoor Seating
Quanshuiyan Restaurant,Beijing,85.0,Catering Services; Chinese Restaurant; Chinese Restaurant,16:00,20:00,Yaji Mountain,4.3,Online queueing
Beilun Restaurant,Beijing,100.0,Catering Services; Chinese Restaurant; Chinese Restaurant,11:00,21:00,National Botanical Garden (Former Beijing Botanical Garden),3.9,Online Queue Number; Outdoor Seating; Birthday Set Meal Service; Waiting Area Available; Must-Eat List Top 10
Kandan Hong Restaurant,Beijing,100.0,Catering Services; Chinese Restaurant; Chinese Restaurant,10:00,21:00,Beijing Auto Museum,4.4,Birthday Set Meal Service; Private Rooms Available; Online Queue Number; Outdoor Seating
Baifulou Restaurant,Beijing,100.0,Catering Services; Chinese Restaurant; Chinese Restaurant,10:00,22:00,Leduogang Kale Planet,3.5,Waiting Area Available; Private Rooms Available; Online Queue Number; Birthday Set Meal Service
China Meteorological Administration Community South District Staff Restaurant (Meteorological Bureau Community South District Branch),Beijing,100.0,Catering Services; Chinese Restaurant; Chinese Restaurant,11:00,21:00,Beijing Zoo,4.3,Waiting Area Available; Birthday Set Meal Service; Outdoor Seating; Private Rooms Available
Youanmen Subdistrict Dongzhuang Community Elderly Restaurant,Beijing,100.0,Catering Services; Chinese Restaurant; Chinese Restaurant,11:00,21:00,Taoranting Park,3.9,Outdoor seating; Birthday set meal service
Linjia Inn - Riverside Restaurant,Beijing,81.0,Catering Services; Chinese Restaurant; Chinese Restaurant,10:00,21:00,Gubei Water Town,4.5,Must-Eat List Top 10; Private Rooms Available; Outdoor Seating
Pinge Restaurant · Cantonese Cuisine · Jiangxi Cuisine · Hunan Cuisine (Zhongguo Xi Branch),Beijing,134.0,Catering Services; Chinese Restaurant; Chinese Restaurant,16:30,21:30,World Flower Park,4.3,Must-Eat List Top 10
Xiangjiu Roasted Goose Head (Tuqiao Branch),Beijing,134.0,Catering Services; Chinese Restaurant; Chinese Restaurant,11:00,24:00,Future Water World,4.3,Must-Eat List Top 10; Private rooms available
Shuangliu Mama Rabbit Head (Shuangjing Branch),Beijing,102.0,Catering Services; Chinese Restaurant; Chinese Restaurant,11:00,22:30,Panjiayuan Antique Market,4.5,Waiting Area Available; Birthday Set Meal Service; Online Queue Number; Must-Eat List Top 10; Outdoor Seating
Suzhou Marriott Executive Apartments - Zitan Xuan Restaurant,Beijing,100.0,Catering Services; Chinese Restaurant; Chinese Restaurant,11:00,21:00,China Rosewood Museum,4.1,Must-Eat List Top 10; Online Queue Number; Private Rooms Available; Birthday Set Meal Service; Waiting Area Available
Chanzui Mao Skewer Bar · BBQ Bistro (Daxing Airport Branch),Beijing,90.0,Catering Services; Chinese Restaurant; Chinese Restaurant,11:00,21:00,Beijing Wildlife Park,4.3,Outdoor Seating; Online Queue Number; Birthday Set Meal Service; Private Rooms Available; Must-Eat List Top 10
Post Station Restaurant,Beijing,100.0,Catering Services; Chinese Restaurant; Chinese Restaurant,11:00,21:00,Huaxi Live · Wukesong,2.3,Online Queue Number; Outdoor Seating; Birthday Set Meal Service; Waiting Area Available
Jing · Restaurant PEKING LIANG (Qianmen Branch),Beijing,102.0,Catering Services;Chinese Restaurant,11:00,22:00,Eight Great Hutongs,4.7,Private Rooms Available;Waiting Area Available;Must-Eat List Top 10;Online Queue Number;Outdoor Seating
Yuxiangyuan Restaurant (Beiyu Building Branch),Beijing,100.0,Catering Services; Chinese Restaurant; Chinese Restaurant,11:00,21:00,Longtan Zhonghu Park,4.1,Birthday Set Meal Service; Must-Eat List Top 10; Online Queue Number; Outdoor Seating; Private Rooms Available
Saizeriya Italian Restaurant (Beitou Xinao Shopping Center Branch),Beijing,100.0,Catering Services; Chinese Restaurant; Chinese Restaurant,10:00,22:00,Water Cube (National Aquatics Center),4.6,Must-Eat List Top 10
Penglai Pavilion Chinese Restaurant,Beijing,119.0,Catering Services; Chinese Restaurant; Chinese Restaurant,17:30,21:30,Mirage Space Super Metaverse (Beijing Store),4.4,Private Rooms Available; Birthday Set Meal Service
106 Restaurant (Beijing Pan-Asia International Commercial Street Branch),Beijing,117.0,Catering Services; Chinese Restaurant; Chinese Restaurant,11:00,22:00,Junwang Mansion,4.3,Outdoor Seating; Waiting Area Available; Online Queue Number; Must-Eat List Top 10
Jurassic Museum Restaurant,Beijing,99.0,Catering Services; Chinese Restaurant; Chinese Restaurant,10:30,01:00,Beijing Happy Valley,4.4,Private Rooms Available
Beijing Daxing District Integrated Traditional Chinese and Western Medicine Hospital Restaurant,Beijing,100.0,Catering Services; Chinese Restaurant; Chinese Restaurant,11:00,21:00,Nanhaizi Park,2.5,Must-Eat List Top 10
Pinghe Restaurant Home-style Cooking,Beijing,100.0,Catering Services; Chinese Restaurant; Chinese Restaurant,11:00,21:00,Mirage Space Super Metaverse (Beijing Store),4.5,Must-Eat List Top 10; Waiting Area Available; Outdoor Seating; Online Queue Number; Private Rooms Available
Junle Restaurant,Beijing,100.0,Catering Services; Chinese Restaurant; Chinese Restaurant,11:00,21:00,Tank Museum,2.3,Online Queue Number; Private Rooms Available; Waiting Area Available
Jianhua Gourmet Restaurant (Fengyi Business Building Branch),Beijing,100.0,Catering Services; Chinese Restaurant; Chinese Restaurant,08:00,23:00,Beijing Auto Museum,3.7,Waiting Area Available; Online Queue Number; Private Rooms Available
Yuehu Restaurant,Beijing,116.0,Catering Services; Chinese Restaurant; Chinese Restaurant,17:00,20:30,Lianhuachi Park,4.1,Private Rooms Available; Outdoor Seating; Birthday Set Meal Service; Online Queue Number
Yuanyuan (Di'anmen Branch),Beijing,97.0,Catering Services; Chinese Restaurant; Chinese Restaurant,11:00,21:00,Beihai Park,4.4,Private Rooms Available; Online Queue Number; Waiting Area Available; Outdoor Seating
Xin Zha Shixiong · New Style Cantonese Cuisine (Chaoyang Joy City Branch),Beijing,95.0,Catering Services; Chinese Restaurant; Chinese Restaurant,11:00,21:30,teamLab Borderless,4.5,Must-Eat List Top 10; Birthday Set Meal Service; Waiting Area Available; Online Queue Number
Xiao Yunnan Restaurant (Nanluoguxiang Branch),Beijing,117.0,Catering Services; Chinese Restaurant; Chinese Restaurant,11:00,22:00,Nanluoguxiang,4.6,Online Queue Number; Birthday Set Meal Service; Private Rooms Available; Waiting Area Available
Huishang Xingchen · Restaurant (Haidong No. 1 Residential Community Branch),Beijing,100.0,Catering Services; Chinese Restaurant; Chinese Restaurant,11:00,21:00,Longmenjian Scenic Area,3.9,Outdoor seating
Hudemon Style Restaurant (Chezhan West Street West Road Branch),Beijing,100.0,Catering Services; Chinese Restaurant; Chinese Restaurant,11:00,21:00,Longmenjian Scenic Area,3.7,Must-Eat List Top 10
Shanhetun Iron Pot Stew (Jianguomen Branch),Beijing,89.0,Catering Services; Chinese Restaurant; Chinese Restaurant,10:30,22:30,Ming City Wall Ruins Park,4.7,Outdoor seating
Xi'an Xianyang International Airport Terminal 2 Airport Staff Restaurant,Beijing,100.0,Catering Services; Chinese Restaurant; Chinese Restaurant,10:00,21:00,Shidu Juma Paradise,3.8,Must-Eat List Top 10; Waiting Area Available
Haxi Restaurant,Beijing,100.0,Catering Services; Chinese Restaurant; Chinese Restaurant,11:00,21:00,Simatai Great Wall,3.6,Outdoor Seating; Must-Eat List Top 10; Private Rooms Available; Birthday Set Meal Service
Kuaijiemei Chinese Gourmet Restaurant,Beijing,100.0,Catering Services; Chinese Restaurant; Chinese Restaurant,09:00,21:00,Ruien Town,4.1,Birthday set meal service; Private rooms available
Qixun Bazhao Hutong Cuisine (Yonghe Temple Branch),Beijing,92.0,Catering Services; Chinese Restaurant; Chinese Restaurant,11:00,21:00,Beijing Confucius Temple,4.5,Must-Eat List Top 10; Private rooms available
VIP Building Rongshuyuan Restaurant,Beijing,113.0,Catering Services; Chinese Restaurant; Chinese Restaurant,17:30,21:30,Beijing International Convention Center,4.6,Must-Eat List Top 10; Waiting Area Available; Private Rooms Available; Online Queue Number; Outdoor Seating
Zhonghong Shengyan · Bird's Nest Restaurant (Yayuncun Branch),Beijing,171.0,Catering Services; Chinese Restaurant; Chinese Restaurant,17:00,21:00,Museum of the Chinese People's Revolution,4.5,Online Queue Number; Must-Eat List Top 10; Outdoor Seating; Birthday Set Meal Service
Peking University Changchunyuan Restaurant,Beijing,100.0,Catering Services; Chinese Restaurant; Chinese Restaurant,09:00,21:00,Suzhou Street,4.6,Outdoor Seating; Online Queue Number; Birthday Set Meal Service; Must-Eat List Top 10
Hanglv Home Restaurant,Beijing,100.0,Catering Services; Chinese Restaurant; Chinese Restaurant,08:00,20:30,Simatai Great Wall,4.0,Must-Eat List Top 10; Outdoor Seating; Private Rooms Available; Birthday Set Meal Service
Fumanyuan (Xinyuan South Road Branch),Beijing,100.0,Catering Services; Chinese Restaurant; Chinese Restaurant,11:00,22:00,Aojia Art Museum,4.5,Must-Eat List Top 10
Jinyiyuan Music Dining Bar,Beijing,100.0,Catering Services; Chinese Restaurant; Chinese Restaurant,11:00,21:00,World Flower Park,3.6,Private Rooms Available; Outdoor Seating; Birthday Set Meal Service
Yuxiang Restaurant,Beijing,100.0,Catering Services; Chinese Restaurant; Chinese Restaurant,09:00,23:00,Shenlu Scenic Area,3.7,Online queueing
Longxianfu Specialty Restaurant,Beijing,100.0,Catering Services; Chinese Restaurant; Chinese Restaurant,11:00,21:00,Dingling Tomb,3.6,Must-Eat List Top 10; Outdoor seating; Online queueing; Waiting area available; Birthday set meal service; Private rooms available
Kunning Palace East Courtyard Restaurant,Beijing,100.0,Catering Services; Chinese Restaurant; Chinese Restaurant,08:00,16:30,Jingshan Park,4.4,Must-Eat List Top 10; Birthday set meal service; Outdoor seating; Online queueing; Private rooms available
ZENG Restaurant Theater Branch (Qianmen Branch),Beijing,88.0,Catering Services; Chinese Restaurant; Chinese Restaurant,10:30,21:00,Yangmeizhuxie Street,4.7,Birthday set meal service; Online queueing; Private rooms available; Outdoor seating
Nanfeng Rui's Restaurant (Yangqiao Xili Community Branch),Beijing,100.0,Catering Services; Chinese Restaurant; Chinese Restaurant,07:00,22:00,Beijing Grand View Garden,4.4,Waiting area available; Must-Eat List Top 10; Online queueing
Taiyanggong Fuzhong Chinese Restaurant,Beijing,100.0,Catering Services; Chinese Restaurant; Chinese Restaurant,16:30,21:00,Deyun Society Theater,4.1,Birthday set meal service
Xueju Skiing Theme Restaurant (Yixiang Branch),Beijing,92.0,Catering Services; Chinese Restaurant; Chinese Restaurant,16:00,01:30,Circular Mound Altar,3.9,Must-Eat List Top 10
Jing B · Dongli Craft Beer Music Restaurant,Beijing,85.0,Catering Services; Chinese Restaurant; Chinese Restaurant,16:30,03:00,Former Residence of Ji Xiaolan,4.5,Outdoor seating; Online queueing; Private rooms available
Tianlun Songhe Grand Hotel - Buffet Restaurant,Beijing,100.0,Catering Services; Chinese Restaurant; Chinese Restaurant,10:00,22:00,Old Beijing Style Street,4.0,Online queueing; Must-Eat List Top 10; Private rooms available; Outdoor seating; Waiting area available
Beiyuan Golf Club Restaurant,Beijing,100.0,Catering Services; Chinese Restaurant; Chinese Restaurant,11:00,21:00,China Science and Technology Museum,3.8,Outdoor seating; Online queueing; Must-Eat List Top 10
Shaanxi Roujiamo Xiangyue Restaurant (Shenzhen Tong Building Branch),Beijing,100.0,Catering Services; Chinese Restaurant; Chinese Restaurant,11:00,21:00,Beijing Wildlife Park,3.5,Online queueing; Outdoor seating; Waiting area available
Tsinghua University Jiasuo Restaurant,Beijing,100.0,Catering Services; Chinese Restaurant; Chinese Restaurant,17:00,20:30,Tsinghua University,4.9,Private rooms available; Outdoor seating; Must-Eat List Top 10; Waiting area available
Deshi Building Restaurant,Beijing,100.0,Catering Services; Chinese Restaurant; Chinese Restaurant,08:00,20:00,Western Mansions Ruins Scenic Area,3.8,Must-Eat List Top 10; Birthday set meal service; Online queueing
Inner Mongolia Civil Aviation Airport Group Staff Restaurant,Beijing,100.0,Catering Services; Chinese Restaurant; Chinese Restaurant,11:00,21:00,Longmenjian Scenic Area,3.9,Waiting Area Available
Wutuli Music Pub (Link Center City Branch),Beijing,100.0,Catering Services; Chinese Restaurant; Chinese Restaurant,17:00,03:00,Beijing Wildlife Park,4.6,Waiting area available; Birthday set meal service; Online queueing
Yangchen Restaurant,Beijing,98.0,Catering Services; Chinese Restaurant; Chinese Restaurant,11:00,21:00,Shidu Juma Paradise,4.1,Must-Eat List Top 10; Online queueing
Shengbaiwei Family Banquet Restaurant (Huoying Branch),Beijing,89.0,Catering Services; Chinese Restaurant; Chinese Restaurant,10:30,22:00,Wendu Water City · Water Dream Wonderland,4.5,Private rooms available; Birthday set meal service; Online queueing
Capital Airport Gangshan Road No. 2 Jia Restaurant,Beijing,100.0,Catering Services; Chinese Restaurant; Chinese Restaurant,09:00,21:00,Luo Hong Photography Art Museum,4.3,Must-Eat List Top 10; Private rooms available; Birthday set meal service; Online queueing
Yindu Restaurant,Beijing,100.0,Catering Services; Chinese Restaurant; Chinese Restaurant,17:00,21:00,Huguang Guild Hall,4.2,Must-Eat List Top 10; Waiting Area Available
Jinjiang Inn Restaurant,Beijing,100.0,Catering Services; Chinese Restaurant; Chinese Restaurant,11:00,21:00,Ming City Wall Ruins Park,3.7,Waiting Area Available
Dayou Shangpin Community Restaurant (Central Party School Community Business Department),Beijing,90.0,Catering Services; Chinese Restaurant; Chinese Restaurant,17:00,19:30,Summer Palace,4.7,Outdoor seating; Birthday set meal service; Private rooms available; Waiting area available; Must-Eat List Top 10
Beijing Sanli Mingyue Restaurant,Beijing,123.0,Catering Services; Chinese Restaurant; Chinese Restaurant,11:00,21:00,Capital Museum,4.4,Outdoor seating; Waiting area available; Birthday set meal service
Chui Wah Restaurant (Bao'an Airport Branch 1),Beijing,60.0,Catering service; Chinese restaurant; Chinese restaurant|Catering service; Bakery; Bakery,05:30,22:00,Beijing Wildlife Park,4.7,Outdoor seating; Waiting area available; Online queueing
Chahuameizi Yunnan Restaurant (Di'anmen Branch),Beijing,67.0,Catering service; Chinese restaurant; Yunnan-Guizhou cuisine,10:00,22:30,Beihai Park,4.6,Private rooms available; Online queueing; Birthday set meal service; Must-Eat List Top 10; Outdoor seating; Waiting area available
Chahuameizi Yunnan Restaurant,Beijing,35.0,Catering service; Chinese restaurant; Yunnan-Guizhou cuisine,10:00,23:00,Nanluoguxiang,4.6,Outdoor seating; Birthday set meal service; Must-Eat List Top 10; Private rooms available
Dingxiangrun,Beijing,66.0,Catering service; Chinese restaurant; Beijing cuisine,11:00,21:30,Shichahai,4.6,Must-Eat List Top 10; Online queueing; Private rooms available; Waiting area available
Jingweijing Restaurant (Changchunli Residential Community Branch),Beijing,51.0,Catering service; Chinese restaurant; Beijing cuisine,10:30,21:00,Baoguo Temple,4.4,Outdoor seating; Private rooms available; Birthday set meal service
Menkuang Hutong Century-old Luzhu Main Store,Beijing,19.0,Catering service; Chinese restaurant; Beijing cuisine,10:30,22:00,Former Residence of Ji Xiaolan,4.4,Birthday set meal service
Tidu (Beijing Fang Branch),Beijing,177.0,Catering service;Chinese restaurant;Beijing cuisine,17:00,21:00,Former Residence of Ji Xiaolan,4.6,Must-Eat List Top 10;Private rooms available;Birthday set meal service;Online queueing;Waiting area available
Old Beijing Flavor Restaurant (Beijing West Railway Station Branch),Beijing,100.0,Catering service; Chinese restaurant; Beijing cuisine,08:30,21:30,Lianhuachi Park,3.0,Must-Eat List Top 10; Birthday set meal service; Waiting area available; Online queueing; Private rooms available; Outdoor seating
Huajia Yiyuan (Qinghua West Road Branch),Beijing,169.0,Catering service; Chinese restaurant; Beijing cuisine,17:00,21:30,Peking University,4.5,Must-Eat List Top 10; Birthday set meal service; Outdoor seating; Private rooms available; Waiting area available
Liu Ye Menkuang Century-old Luzhu (Dashilan West Street Commercial Branch),Beijing,100.0,Catering service; Chinese restaurant; Beijing cuisine,10:00,21:30,Former Residence of Ji Xiaolan,4.4,Birthday set meal service; Outdoor seating; Must-Eat List Top 10; Private rooms available
Juqi Roast Duck · Beijing Cuisine (Beijing APM Branch),Beijing,100.0,Catering service; Chinese restaurant; Beijing cuisine,11:00,21:00,Chang'an Avenue,4.4,Waiting area available; Online queueing; Must-Eat List Top 10; Private rooms available; Birthday set meal service; Outdoor seating
Chengdu Sichuan Cuisine Restaurant (Binshui Xincun Branch),Beijing,49.0,Catering service; Chinese restaurant; Sichuan cuisine (Chuan cuisine),09:00,23:30,Longmenjian Scenic Area,4.4,Must-Eat List Top 10; Online queueing
Laodifang Restaurant (Bagong North Road No. 11 Courtyard Branch),Beijing,15.0,Catering service; Chinese restaurant; Sichuan cuisine (Chuan cuisine),17:00,23:00,Shijingshan Amusement Park,4.6,Private rooms available; Must-Eat List Top 10; Birthday set meal service; Waiting area available
Zhongjian Restaurant (Beijing Happy Valley Branch),Beijing,69.0,Catering service; Chinese restaurant; Sichuan cuisine (Chuan cuisine),17:00,21:00,Beijing Happy Valley,4.6,Online queueing
Huayuan Xiaochu · Sichuan Cuisine · Boiled Fish,Beijing,115.0,Catering service; Chinese restaurant; Sichuan cuisine (Chuan cuisine),10:00,21:00,Tianning Temple Pagoda,4.4,Outdoor seating; Private rooms available; Online queueing; Waiting area available
106 Restaurant (Shilihe Branch),Beijing,120.0,Catering service; Chinese restaurant; Shandong cuisine (Lu cuisine),11:00,22:00,Panjiayuan Antique Market,4.7,Waiting area available; Birthday set meal service
Tangyuan Chinese Restaurant (Fuxingmen Branch),Beijing,331.0,Catering service; Chinese restaurant; Guangdong cuisine (Cantonese cuisine),17:00,21:30,Capital Museum,4.1,Online queueing; Must-Eat List Top 10; Birthday set meal service; Private rooms available; Waiting area available
Huashe · Lingnan Yunnan-Guizhou-Sichuan Bistro (Liangma River Branch),Beijing,74.0,Catering service; Chinese restaurant; Guangdong cuisine (Cantonese cuisine),10:00,22:30,Aojia Art Museum,4.5,Outdoor seating; Waiting area available
Chui Wah Restaurant,Beijing,50.0,Catering service; Chinese restaurant; Guangdong cuisine (Cantonese cuisine),05:00,22:00,Beijing Wildlife Park,4.5,Private rooms available; Waiting area available; Birthday set meal service
Bird's Nest Cultural Center Guofeng Family Restaurant,Beijing,756.0,Catering service; Chinese restaurant; Guangdong cuisine (Cantonese cuisine),11:30,21:30,Beiding Niangniang Temple,4.0,Outdoor seating; Waiting area available; Private rooms available; Must-Eat List Top 10; Online queueing; Birthday set meal service
Zhecha Cha Chaan Teng (Beijing APM Branch),Beijing,97.0,Catering service; Chinese restaurant; Guangdong cuisine (Cantonese cuisine),17:00,21:30,Chang'an Avenue,4.4,Outdoor seating; Online queueing; Private rooms available; Waiting area available; Must-Eat List Top 10
Chaowei (Beijing Shijingshan District),Beijing,100.0,Catering service; Chinese restaurant; Guangdong cuisine (Cantonese cuisine),17:00,21:00,Shijingshan Amusement Park,4.5,Online queueing; Must-Eat List Top 10; Private rooms available
Guangying Restaurant (Summer Palace Branch),Beijing,173.0,Catering service; Chinese restaurant; Zhejiang cuisine,10:00,22:00,Summer Palace,4.2,Waiting area available; Birthday set meal service; Outdoor seating; Must-Eat List Top 10; Private rooms available
70s Red Restaurant (Xiangshan Branch),Beijing,90.0,Catering service; Chinese restaurant; Seafood restaurant,06:00,20:30,Xiangshan Park,4.3,Birthday set meal service
Huahuale Jiaodong Seafood · Fisherman's Cuisine · BBQ (Baiziwan Branch),Beijing,100.0,Catering service; Chinese restaurant; Seafood restaurant,10:00,23:30,Today Art Museum,4.7,Must-Eat List Top 10; Online queueing; Outdoor seating; Birthday set meal service
Wanlongzhou Seafood (Daxing Greenland Binfen City Branch),Beijing,133.0,Catering service; Chinese restaurant; Seafood restaurant,16:30,21:30,World Park,4.7,Must-Eat List Top 10; Online queueing; Outdoor seating; Birthday set meal service; Private rooms available
Steam Town · Steamed Seafood (Main Store),Beijing,123.0,Catering service; Chinese restaurant; Seafood restaurant,11:00,03:00,Academy of Fine Arts Museum,4.4,Private rooms available; Must-Eat List Top 10; Outdoor seating
Xiaotianfei Seafood Restaurant,Beijing,114.0,Catering service; Chinese restaurant; Seafood restaurant,17:00,22:00,LEGOLAND Discovery Centre Beijing,4.4,Waiting area available; Online queueing
Zhonghua Ma's Restaurant,Beijing,55.0,Catering service; Chinese restaurant; Halal restaurant,11:00,21:00,Beijing Auto Museum,4.0,Waiting area available; Must-Eat List Top 10; Birthday set meal service; Private rooms available; Online queueing; Outdoor seating
Heshun Restaurant,Beijing,40.0,Catering service; Chinese restaurant; Halal restaurant,06:00,21:00,World Park,4.2,Must-Eat List Top 10; Private rooms available
Halal Xinjiang Cuisine Restaurant (Gulou East Street Branch),Beijing,76.0,Catering service; Chinese restaurant; Halal restaurant,00:00,03:00,Nanluoguxiang,4.1,Must-Eat List Top 10; Birthday Set Meal Service; Waiting Area Available; Outdoor Seating; Online Queue Numbering
Halal Xilou Wangji Beef Noodles,Beijing,21.0,Catering service; Chinese restaurant; Halal restaurant,08:30,21:00,Beijing Confucius Temple,4.6,Outdoor seating; Online queueing
Old Ciqikou Douzhi Shop,Beijing,56.0,Catering service; Chinese restaurant; Halal restaurant,06:00,20:00,Shenlueshu,4.4,Outdoor seating
Judeyuan Restaurant,Beijing,11.0,Catering service; Chinese restaurant; Halal restaurant,10:30,21:00,Beijing Happy Valley,4.4,Waiting Area Available
Adaxi Xinjiang Cuisine Restaurant (Baiqiao Branch),Beijing,51.0,Catering service; Chinese restaurant; Halal restaurant,10:00,03:00,Ming City Wall Ruins Park,4.5,Outdoor seating
Xunji · Qingnian Road Courtyard · Halal,Beijing,523.0,Catering service; Chinese restaurant; Halal restaurant,10:00,22:00,teamLab Borderless,4.6,Must-Eat List Top 10; Waiting Area Available; Private Rooms Available; Birthday Set Meal Service
Yifeng Restaurant (Gulou Branch),Beijing,100.0,Catering service; Chinese restaurant; Halal restaurant,05:30,22:00,Shichahai,4.5,Outdoor Seating; Online Queue Numbering; Private Rooms Available; Must-Eat List Top 10; Waiting Area Available
Xingyanlan Renjia Halal Restaurant (Sanhe Nanli Branch),Beijing,97.0,Catering service; Chinese restaurant; Halal restaurant,10:00,22:00,World Park,4.6,Private Rooms Available; Birthday Set Meal Service; Waiting Area Available
Gutong Laoyuan Copper Pot Hot Pot · Halal (Dianmen Branch),Beijing,85.0,Catering Service; Chinese Restaurant; Halal Restaurant|Catering Service; Chinese Restaurant; Hot Pot Restaurant,11:00,22:00,Beihai Park,4.7,Must-Eat List Top 10; Online Queue Numbering; Outdoor Seating; Birthday Set Meal Service; Waiting Area Available; Private Rooms Available
Jingyi Restaurant (Liulichang Culture Street Branch),Beijing,90.0,Catering Service; Chinese Restaurant; Hubei Cuisine (E Cuisine),17:00,20:30,Yangmeizhuxie Street,4.5,Outdoor seating; Private rooms available; Birthday set meal service; Online queueing
Kuxiang · Jiangnan Courtyard Restaurant,Beijing,260.0,Catering Service; Chinese Restaurant; Hunan Cuisine (Xiang Cuisine),11:00,22:00,Today Art Museum,4.4,Private Rooms Available; Outdoor Seating; Waiting Area Available
Huixuan Ge Restaurant (Hunan Cuisine),Beijing,29.0,Catering Service; Chinese Restaurant; Hunan Cuisine (Xiang Cuisine),10:30,21:30,Luo Hong Photography Art Museum,4.1,Private Rooms Available; Waiting Area Available; Birthday Set Meal Service; Must-Eat List Top 10; Online Queue Numbering; Outdoor Seating
Xiao Wan Canteen (798 Art Zone Branch),Beijing,88.0,Catering Service; Chinese Restaurant; Hunan Cuisine (Xiang Cuisine),10:00,21:30,798 Art District,4.7,Must-Eat List Top 10; Birthday Set Meal Service; Private Rooms Available; Outdoor Seating; Waiting Area Available
Xiaoxiang Ge (Sanlitun SOHO Branch),Beijing,84.0,Catering Service; Chinese Restaurant; Hunan Cuisine (Xiang Cuisine),10:30,21:30,Fuguo Underwater World,4.8,Outdoor Seating; Waiting Area Available; Must-Eat List Top 10
