city,attraction_name,description,attraction_type,address,latitude,longitude,rating,opening_time,closing_time,closing_dates,min_visit_hours,max_visit_hours,ticket_price,popularity_tags,crowd_risk,queue_risk,peak_crowd_windows
Guangzhou,Chimelong Safari Park,,Amusement Park/Sports & Entertainment,,23.007944,113.321711,,09:30,18:00,,2.5,4.0,300.0,classic_hotspot;family_hotspot;photo_spot,high,high,weekend;holiday;summer;school_holiday
Guangzhou,Guangzhou Chimelong Resort,,Amusement Park/Sports & Entertainment,,23.006399,113.330527,,00:00,24:00,,2.5,4.0,0.0,classic_hotspot;family_hotspot;photo_spot,high,high,weekend;holiday;summer;school_holiday
Guangzhou,Canton Tower,,Cultural Landscape,,23.112223,113.331084,,09:30,22:30,,0.5,1.5,149.0,classic_hotspot;photo_spot;night_hotspot;viral,high,high,weekend;holiday;evening;school_holiday
Guangzhou,Chimelong International Circus,,Amusement Park/Sports & Entertainment,,23.009036,113.337965,,15:00,21:00,,1.0,2.0,350.0,night_hotspot;family_hotspot;classic_hotspot,high,high,weekend;holiday;evening;school_holiday
Guangzhou,Chimelong Paradise,,Amusement Park/Sports & Entertainment,,23.00481,113.33685,,10:00,18:00,,2.5,4.0,250.0,classic_hotspot;family_hotspot,high,high,weekend;holiday;school_holiday
Guangzhou,Pearl River Night Cruise,,Amusement Park/Sports & Entertainment,,23.115119,113.294879,,09:00,22:30,,1.0,2.0,98.0,,,,
Guangzhou,Chimelong Water Park,,Amusement Park/Sports & Entertainment,,23.007665,113.330724,,10:00,21:30,,2.0,3.0,69.0,family_hotspot;classic_hotspot;photo_spot,high,high,summer;weekend;holiday;school_holiday
Guangzhou,Guangdong Science Center,,Amusement Park/Sports & Entertainment,,23.045368,113.369589,,09:30,16:30,,1.0,3.5,60.0,family_hotspot,medium,medium,weekend;holiday;school_holiday
Guangzhou,Chen Clan Ancestral Hall,,Historical Sites,,23.132609,113.251995,,09:00,18:00,,3.0,3.5,0.0,classic_hotspot;culture_hotspot;photo_spot,high,medium,weekend;holiday;school_holiday
Guangzhou,Chimelong Bird Paradise,,Amusement Park/Sports & Entertainment,,23.031355,113.284204,,09:30,18:00,,1.5,2.0,100.0,classic_hotspot;family_hotspot,high,high,weekend;holiday;school_holiday
Guangzhou,Shamian Island,,Historical Sites,,23.112627,113.251119,,00:00,24:00,,0.5,2.0,0.0,classic_hotspot;photo_spot;culture_hotspot,high,low,weekend;holiday;evening
Guangzhou,Guangdong Museum,,Museum/Memorial Hall,,23.120537,113.33296,,00:00,24:00,,2.5,4.0,0.0,culture_hotspot;family_hotspot;classic_hotspot,high,high,weekend;holiday;school_holiday
Guangzhou,Guangzhou Zoo,,Amusement Park/Sports & Entertainment,,23.146478,113.311833,,08:00,18:00,,3.0,4.0,0.0,family_hotspot;classic_hotspot,high,medium,weekend;holiday;school_holiday
Guangzhou,Grandview Mall Commercial Tourism Area,,Commercial District,,23.137807,113.333654,,10:00,22:00,,3.0,3.5,0.0,,,,
Guangzhou,Grandview Polar Ocean World,,Amusement Park/Sports & Entertainment,,23.137758,113.332856,,10:00,22:00,,0.5,2.0,125.0,family_hotspot;shopping_hotspot;nature_hotspot,medium,medium,weekend;holiday;summer;school_holiday
Guangzhou,Museum of the Nanyue Kings (Royal Tomb Exhibition Area),,Museum/Memorial Hall,,23.143943,113.267507,,09:00,17:30,,1.0,2.5,0.0,classic_hotspot;culture_hotspot;family_hotspot,high,medium,weekend;holiday;school_holiday
Guangzhou,Sun Yat-sen Memorial Hall,,Red Tourism Sites,,23.139129,113.271126,,09:00,17:30,,1.0,3.5,8.0,classic_hotspot;culture_hotspot;photo_spot,medium,medium,weekend;holiday;school_holiday
Guangzhou,Dafo Temple,,Historical Sites,,23.128808,113.274392,,06:00,21:00,,2.5,3.0,0.0,,,,
Guangzhou,Baiyun Mountain,,Natural Scenery,,23.190623,113.306556,,00:00,24:00,,1.0,2.0,0.0,classic_hotspot;nature_hotspot;photo_spot;family_hotspot,high,medium,weekend;holiday;summer
Guangzhou,Guangzhou Snow City,,Amusement Park/Sports & Entertainment,,23.432566,113.23773,,10:30,20:30,,1.5,3.0,198.0,,,,
Guangzhou,Guangzhou Sunac Cultural Tourism City,,Amusement Park/Sports & Entertainment,,23.435167,113.241125,,00:00,24:00,,1.0,2.0,0.0,family_hotspot;culture_hotspot,medium,medium,weekend;holiday;school_holiday
Guangzhou,"South China National Botanical Garden, Chinese Academy of Sciences",,Park,,23.188836,113.372578,,07:30,17:30,,0.5,1.0,19.9,family_hotspot;nature_hotspot,medium,low,weekend;holiday;summer;school_holiday
Guangzhou,Beijing Road Pedestrian Street,,Commercial District,,23.127945,113.275422,,00:00,24:00,,0.5,2.0,0.0,shopping_hotspot;night_hotspot;photo_spot;classic_hotspot,high,medium,weekend;holiday;evening
Guangzhou,Pearl River Night Cruise Tianzi Pier,,Amusement Park/Sports & Entertainment,,23.120996,113.277576,,09:00,22:30,,2.5,4.0,98.0,,,,
Guangzhou,Yuexiu Park,,Park,,23.14608,113.272266,,00:00,22:00,,0.5,2.0,0.0,classic_hotspot;culture_hotspot;nature_hotspot;family_hotspot,high,low,weekend;holiday
Guangzhou,Yongqing Fang,,Commercial District,,23.120549,113.244008,,00:00,24:00,,1.0,2.5,0.0,viral;photo_spot;culture_hotspot;shopping_hotspot,high,low,weekend;holiday;evening
Guangzhou,Xiguan Yongqing Fang Tourism Area,,Cultural Tourism Zone,,23.12075,113.244039,,00:00,24:00,,2.5,4.0,0.0,,,,
Guangzhou,Shawan Ancient Town,,Historical Sites,,22.909439,113.340932,,09:00,17:30,,1.5,3.0,30.0,,,,
Guangzhou,Shangxiajiu Pedestrian Street,,Commercial District,,23.119805,113.252523,,00:00,24:00,,3.0,4.0,0.0,shopping_hotspot;classic_hotspot;photo_spot,high,low,weekend;holiday;evening
Guangzhou,"Sacred Heart Cathedral, Guangzhou",,Historical Sites,,23.120805,113.266558,,09:00,11:00,,2.0,2.5,0.0,classic_hotspot;photo_spot;culture_hotspot,high,low,weekend;holiday
Guangzhou,Guangzhou Sunac Land,,Amusement Park/Sports & Entertainment,,23.435471,113.246764,,11:00,18:00,,3.0,4.0,208.0,,,,
Guangzhou,Baishuizhai Scenic Area,,Natural Scenery,,23.599255,113.771154,,08:30,17:30,,1.0,1.5,54.0,,,,
Guangzhou,Lingnan Impression Park,,Cultural Tourism Zone,,23.043105,113.412924,,09:30,18:00,,2.5,4.0,54.0,,,,
Guangzhou,Whampoa Military Academy Memorial Hall,,Museum/Memorial Hall,,23.092368,113.431318,,09:00,17:00,,2.0,2.5,0.0,culture_hotspot,low,medium,weekend;holiday
Guangzhou,Baomo Garden,,Cultural Tourism Zone,,22.900712,113.300935,,08:30,17:00,,2.0,2.5,48.0,classic_hotspot,medium,medium,weekend;holiday
Guangzhou,Nansha Tianhou Palace,,Cultural Landscape,,22.762606,113.625188,,08:30,17:00,,1.0,1.5,14.9,classic_hotspot,medium,medium,weekend;holiday
Guangzhou,Forest Sea Water Park,,Amusement Park/Sports & Entertainment,,23.573071,113.770945,,10:00,21:00,,1.5,3.0,0.0,,,,
Guangzhou,Guangzhou Museum,,Museum/Memorial Hall,,23.143971,113.27211,,09:00,18:00,,1.5,3.0,0.0,classic_hotspot;family_hotspot;culture_hotspot,medium,medium,weekend;holiday;school_holiday
Guangzhou,Pearl River Night Cruise Canton Tower Fortune Pier,,Amusement Park/Sports & Entertainment,,23.113208,113.333565,,09:00,22:30,,1.5,3.0,108.0,,,,
Guangzhou,Pearl River Night Cruise Dashatou Pier,,Amusement Park/Sports & Entertainment,,23.118706,113.291887,,09:00,22:30,,1.5,3.0,93.0,,,,
Guangzhou,Yuyin Shanfang Garden,,Historical Sites,,23.017654,113.402024,,08:00,18:00,,1.0,2.5,18.0,photo_spot;nature_hotspot,medium,low,weekend;holiday;summer
Guangzhou,Lotus Hill Tourism Area,,Cultural Tourism Zone,,22.993236,113.509893,,07:00,17:00,,1.0,1.5,54.0,photo_spot;night_hotspot;nature_hotspot,medium,low,weekend;holiday;evening;summer
Guangzhou,Guangzhou Ocean Museum,,Amusement Park/Sports & Entertainment,,23.149705,113.311261,,09:30,18:30,,3.0,3.5,160.0,,,,
Guangzhou,Haixinsha Asian Games Park,,Park,,23.117202,113.331179,,07:00,23:00,,1.0,2.0,0.0,viral;photo_spot;nature_hotspot,medium,low,weekend;holiday;summer
Guangzhou,Huacheng Square,,Commercial District,,23.125752,113.331127,,00:00,24:00,,0.5,1.0,0.0,classic_hotspot;photo_spot;night_hotspot;shopping_hotspot,high,low,weekend;holiday;evening
Guangzhou,Grandview Rainforest Ecological Botanical Garden,,Park,,23.137906,113.333565,,10:00,22:00,,3.0,3.5,98.0,,,,
Guangzhou,Guangzhou City Double-Decker Sightseeing Bus (Yuetao Bus),,Amusement Park/Sports & Entertainment,,23.113765,113.31604,,09:00,17:00,,2.0,2.5,0.0,,,,
Guangzhou,Guangzhou Orchid Park,,Park,,23.149913,113.266761,,00:00,18:00,,1.5,3.0,8.0,,,,
Guangzhou,Haizhu National Wetland Park,,Park,,23.072321,113.343072,,09:00,19:00,,2.5,3.0,18.0,classic_hotspot;photo_spot;nature_hotspot,medium,low,weekend;holiday;summer
Guangzhou,Grandview Natural Science Museum,,Museum/Memorial Hall,,23.137456,113.334356,,10:00,20:00,,2.5,4.0,40.0,,,,
Guangzhou,Qianlonggou Grand Waterfall,,Natural Scenery,,23.713006,113.865891,,09:00,18:00,,0.5,1.0,58.0,,,,
Guangzhou,Museum of the Nanyue Kings (Royal Palace Exhibition Area),,Historical Sites,,23.1331,113.276352,,09:00,17:30,,2.0,3.0,0.0,,,,
Guangzhou,Canton Tower Alpha Exploration Park,,Amusement Park/Sports & Entertainment,,23.112223,113.331084,,15:00,22:00,,1.5,3.0,378.0,,,,
Guangzhou,Grandview Penguin Ice and Snow World,,Amusement Park/Sports & Entertainment,,23.137465,113.333506,,11:00,20:00,,1.0,1.5,158.0,,,,
Guangzhou,Pearl River Night Cruise Haixinsha West Pier,,Amusement Park/Sports & Entertainment,,23.116211,113.330131,,16:00,22:30,,2.5,3.0,0.0,,,,
Guangzhou,Tianren Shanshui Land Art Park,,Amusement Park/Sports & Entertainment,,23.440908,113.594523,,10:00,19:00,,0.5,1.0,58.0,,,,
Guangzhou,Pearl River Night Cruise Canton Tower · Zhongda Pier,,Cultural Landscape,,23.109558,113.306007,,09:00,22:30,,1.0,2.0,0.0,,,,
Guangzhou,Haixin Bridge,,Amusement Park/Sports & Entertainment,,23.113958,113.325485,,07:00,23:00,,2.0,2.5,0.0,viral;photo_spot;night_hotspot,high,medium,weekend;holiday;evening
Guangzhou,Thirteen Hongs Museum,,Museum/Memorial Hall,,23.114945,113.257572,,09:00,17:30,,2.0,2.5,0.0,,,,
Guangzhou,Lizhiwan Creek,,Cultural Landscape,,23.125161,113.241536,,00:00,24:00,,0.5,1.0,0.0,nature_hotspot,low,medium,weekend;holiday;summer
Guangzhou,Shimen National Forest Park,,Park,,23.631008,113.788742,,09:00,19:00,,1.0,2.0,40.0,,,,
Guangzhou,Taikoo Wharf,,Commercial District,,23.094555,113.259118,,00:00,24:00,,2.0,3.5,0.0,night_hotspot,low,medium,weekend;holiday;evening
Guangzhou,Cantonese Opera Art Museum,,Museum/Memorial Hall,,23.121247,113.244769,,09:00,21:00,,2.0,3.0,0.0,,,,
Guangzhou,Dafengmen Scenic Area,,Natural Scenery,,23.589925,113.822522,,09:00,17:30,,2.5,3.0,48.0,,,,
Guangzhou,Guangzhou Lizhiwan Cruise,,Amusement Park/Sports & Entertainment,,23.126744,113.240948,,09:30,17:00,,0.5,1.5,0.0,,,,
Guangzhou,Bruce Lee's Ancestral Home,,Historical Sites,,23.121135,113.243461,,08:30,21:30,,0.5,1.5,0.0,,,,
Guangzhou,Madame Tussauds (Canton Tower),,Cultural Landscape,,23.112175,113.331955,,10:00,22:30,,0.5,1.0,98.0,,,,
Guangzhou,Metaverse Experience Hall (Guangzhou Branch),,Amusement Park/Sports & Entertainment,,23.139917,113.328022,,10:00,22:00,,2.5,4.0,59.9,,,,
Guangzhou,Tianlu Lake Forest Park,,Park,,23.228718,113.426335,,09:00,17:00,,2.0,3.5,5.0,,,,
Guangzhou,Flying Forest Adventure Park,,Amusement Park/Sports & Entertainment,,23.229421,113.432816,,09:00,17:30,,0.5,2.0,65.0,,,,
Guangzhou,Zhujiang New Town,,Commercial District,,23.124903,113.339912,,00:00,24:00,,3.0,3.5,0.0,classic_hotspot;viral;photo_spot;night_hotspot,high,,evening;weekend;holiday
Guangzhou,Liwan Lake Park,,Park,,23.126903,113.239395,,00:00,24:00,,2.0,3.5,0.0,,,,
Guangzhou,Pearl River Night Cruise Xidi Pier,,Cultural Landscape,,23.113222,113.258634,,16:00,22:30,,0.5,1.0,0.0,,,,
Guangzhou,Guangzhou Sunac Sports World,,Amusement Park/Sports & Entertainment,,23.431966,113.240339,,13:00,19:00,,2.0,2.5,0.0,,,,
Guangzhou,Sun Yat-sen University (South Campus),,University Campus,,23.102915,113.304864,,09:00,18:00,,3.0,4.0,0.0,,,,
Guangzhou,Grandview Science Museum · Grandview Planetarium,,Amusement Park/Sports & Entertainment,,23.138001,113.333422,,10:00,20:00,,1.0,1.5,0.0,,,,
Guangzhou,Yuntai Garden,,Park,,23.163796,113.29808,,00:00,18:00,,2.0,3.0,0.0,,,,
Guangzhou,Sun Yat-sen Grand Marshal's Mansion Memorial Hall,,Museum/Memorial Hall,,23.116337,113.285651,,08:30,17:30,,2.0,3.0,0.0,,,,
Guangzhou,Guangxiao Temple,,Historical Sites,,23.135332,113.263078,,08:30,16:30,,2.0,2.5,0.0,culture_hotspot,low,medium,weekend;holiday
Guangzhou,Nansha Wetland,,Natural Scenery,,22.617149,113.654605,,09:00,17:00,,3.0,4.0,36.0,classic_hotspot;photo_spot;nature_hotspot,medium,low,weekend;holiday;summer
Guangzhou,Nansha Yacht Club,,Amusement Park/Sports & Entertainment,,22.783418,113.608285,,09:00,21:00,,2.5,4.0,0.0,,,,
Guangzhou,Liuxi River National Forest Park,,Natural Scenery,,23.756617,113.789932,,08:00,17:00,,0.5,1.0,20.0,,,,
Guangzhou,Jiulong Lake Resort,,Amusement Park/Sports & Entertainment,,23.480803,113.419942,,00:00,24:00,,2.0,3.0,0.0,,,,
Guangzhou,Golden Coast Water Park,,Amusement Park/Sports & Entertainment,,23.110856,113.299853,,00:00,24:00,,1.5,3.0,0.0,,,,
Guangzhou,Baiyun Zipline,,Amusement Park/Sports & Entertainment,,23.191107,113.311189,,10:30,17:30,,1.5,2.0,0.0,,,,
Guangzhou,Guangzhou Cultural Center (New Hall),,Art Museum/Gallery,,23.081787,113.33519,,09:00,17:30,,2.5,4.0,0.0,culture_hotspot,low,medium,weekend;holiday
Guangzhou,Liuhua Lake Park,,Park,,23.143355,113.257705,,00:00,22:00,,2.5,4.0,0.0,,,,
Guangzhou,Yuanyuan Taoist Temple,,Cultural Landscape,,23.405862,113.186642,,08:00,17:00,,1.0,1.5,15.0,,,,
Guangzhou,Nanhan Imperial Tombs Museum,,Museum/Memorial Hall,,23.053533,113.390497,,09:00,17:30,,0.5,1.0,0.0,,,,
Guangzhou,Huanghuagang 72 Martyrs Cemetery,,Red Tourism Sites,,23.146964,113.300857,,06:30,21:00,,1.0,2.0,0.0,,,,
Guangzhou,Canton Customs House Museum,,Museum/Memorial Hall,,23.113315,113.257528,,09:00,16:00,,1.0,2.0,0.0,,,,
Guangzhou,Guangzhou Library,,Cultural Landscape,,23.122229,113.331974,,09:00,21:00,,2.5,4.0,0.0,,,,
Guangzhou,Huadu Fragrant World,,Amusement Park/Sports & Entertainment,,23.467507,113.267391,,09:00,18:00,,2.0,2.5,65.0,,,,
Guangzhou,Liede Bridge,,Cultural Landscape,,23.117739,113.340408,,00:00,24:00,,2.5,4.0,0.0,,,,
Guangzhou,Guangzhou Haopu Art Museum,,Museum/Memorial Hall,,23.1741,113.464,,09:00,18:00,,1.0,2.0,0.0,,,,
Guangzhou,Ersha Island,,Park,,23.115879,113.311347,,00:00,24:00,,1.5,2.0,0.0,photo_spot;nature_hotspot,medium,low,weekend;holiday;summer
Guangzhou,Grandview Mall,,Commercial District,,23.137887,113.333548,,10:00,22:00,,0.5,1.5,0.0,photo_spot;night_hotspot;shopping_hotspot,medium,low,weekend;holiday;evening
Guangzhou,Baiyun Mountain Ropeway,,Amusement Park/Sports & Entertainment,,23.163525,113.302034,,09:00,18:00,,1.5,2.0,0.0,,,,
Guangzhou,Aerial Cable Car,,Amusement Park/Sports & Entertainment,,23.006068,113.324758,,10:30,17:30,,1.0,2.5,0.0,,,,
Guangzhou,TIT Creative Park,,Cultural Landscape,,23.105729,113.33187,,00:00,21:00,,1.0,2.0,0.0,,,,
Guangzhou,Guangzhou City City God Temple,,Historical Sites,,23.132731,113.2775,,00:00,17:00,,1.0,2.0,0.0,,,,
Guangzhou,Shijian Xiangjing · Qixidi,,Cultural Tourism Zone,,23.536018,113.396561,,09:00,18:00,,2.0,3.0,0.0,,,,
Guangzhou,Changzhou Island,,Natural Scenery,,23.082388,113.442626,,00:00,24:00,,0.5,1.0,0.0,,,,
Guangzhou,Nanhai God Temple,,Historical Sites,,23.087583,113.504607,,09:00,17:00,,1.0,2.5,20.0,,,,
Guangzhou,Guangzhou Metro Museum,,Museum/Memorial Hall,,23.101949,113.389465,,10:00,16:00,,1.0,2.5,0.0,,,,
Guangzhou,Huangpu Ancient Port,,Historical Sites,,23.095461,113.396026,,00:00,24:00,,3.0,4.0,0.0,,,,
Guangzhou,Xitou Tourism Village,,Cultural Tourism Zone,,23.719128,113.873632,,00:00,24:00,,1.5,3.0,100.0,,,,
Guangzhou,Dalang Taosha (Xiancun Road Branch),,Commercial District,,23.12225,113.334984,,00:00,24:00,,0.5,2.0,0.0,,,,
Guangzhou,Ready Player One Guangdong Guangzhou Skydiving Base,,Amusement Park/Sports & Entertainment,,23.141299,113.349842,,08:00,23:30,,2.0,3.0,0.0,,,,
Guangzhou,Xinhai Revolution Memorial Hall,,Museum/Memorial Hall,,23.078246,113.426816,,09:00,17:00,,3.0,3.5,0.0,culture_hotspot,low,medium,weekend;holiday
Guangzhou,Longjin West Xiguan Mansion Area,,Historical Sites,,23.125071,113.242277,,09:00,17:30,,0.5,2.0,0.0,,,,
Guangzhou,Guangzhou Water Bus,,Amusement Park/Sports & Entertainment,,23.112249,113.246822,,07:00,18:30,,3.0,4.0,0.0,,,,
Guangzhou,Guangzhou Children's Park,,Park,,23.190304,113.278107,,08:00,18:00,,2.0,3.0,0.0,,,,
Guangzhou,Haigou Island,,Amusement Park/Sports & Entertainment,,22.97941,113.531663,,00:00,24:00,,2.0,2.5,0.0,,,,
Guangzhou,Five Rams Sculpture,,Cultural Landscape,,23.144145,113.269391,,00:00,22:00,,0.5,1.5,0.0,,,,
Guangzhou,Guangzhou Railway Museum,,Museum/Memorial Hall,,23.117024,113.238448,,09:00,16:00,,0.5,1.5,0.0,,,,
Guangzhou,Nansha Water Bird World Ecological Park,,Park,,22.619486,113.643696,,09:00,17:00,,0.5,1.0,0.0,,,,
Guangzhou,Tianhe Park,,Park,,23.134103,113.371801,,06:30,22:00,,3.0,3.5,0.0,,,,
Guangzhou,Guangzhou Art Museum,,Art Museum/Gallery,,23.149166,113.28707,,09:00,17:00,,0.5,1.0,0.0,classic_hotspot;viral;photo_spot,high,,weekend;holiday
Guangzhou,Crazy Maiji (Guangzhou Experience Hall),,Amusement Park/Sports & Entertainment,,22.976506,113.308682,,13:00,22:00,,1.5,2.0,0.0,,,,
Guangzhou,Guangdong Museum of Art,,Art Museum/Gallery,,23.114039,113.313698,,09:00,17:00,,1.0,2.0,0.0,photo_spot;culture_hotspot,medium,medium,weekend;holiday
Guangzhou,Baoneng Guangzhou International Sports and Performing Arts Center,,Amusement Park/Sports & Entertainment,,23.181722,113.489011,,08:30,17:00,,1.0,2.0,0.0,,,,
Guangzhou,Poly World Trade Expo Center,,Museum/Memorial Hall,,23.103718,113.372736,,00:00,24:00,,2.0,3.0,0.0,,,,
Guangzhou,Kecun,,Commercial District,,23.101735,113.325925,,00:00,24:00,,1.5,2.0,0.0,,,,
Guangzhou,Peasant Movement Training Institute Site,,Red Tourism Sites,,23.13386,113.28287,,09:00,17:30,,2.5,3.0,0.0,,,,
Guangzhou,Guangzhou Sega Urban Entertainment Center,,Amusement Park/Sports & Entertainment,,23.195674,113.600847,,10:00,21:00,,0.5,1.5,0.0,,,,
Guangzhou,Guangzhou Junming Happy World,,Amusement Park/Sports & Entertainment,,23.195372,113.599518,,10:00,20:00,,1.5,2.0,0.0,,,,
Guangzhou,Baijianghu Forest Park,,Park,,23.503464,113.915041,,08:00,19:00,,0.5,2.0,10.0,,,,
Guangzhou,Pazhou Hong Kong and Macau Passenger Port,,Cultural Landscape,,23.110248,113.373718,,09:00,18:00,,0.5,1.0,0.0,,,,
Guangzhou,Guangzhou Youth Science and Technology Museum,,Museum/Memorial Hall,,23.148823,113.278079,,09:30,17:00,,2.0,3.0,0.0,,,,
Guangzhou,Guangzhou Cultural Park,,Park,,23.115633,113.257337,,07:00,21:30,,2.0,3.0,0.0,,,,
Guangzhou,Aiqun Building,,Commercial District,,23.115593,113.263623,,00:00,24:00,,2.5,4.0,0.0,,,,
Guangzhou,Guangzhou Yi · Airport Cultural Tourism Town,,Cultural Tourism Zone,,23.360714,113.299584,,00:00,24:00,,2.0,2.5,0.0,,,,
Guangzhou,Liurong Temple,,Historical Sites,,23.134141,113.266451,,08:00,16:30,,2.0,2.5,0.0,culture_hotspot,low,medium,weekend;holiday
Guangzhou,Dongshan Lake Park,,Park,,23.122361,113.298465,,00:00,21:30,,0.5,1.5,0.0,classic_hotspot;photo_spot;nature_hotspot,medium,low,weekend;holiday;summer
Guangzhou,Liwan Museum,,Museum/Memorial Hall,,23.125681,113.242686,,09:00,17:00,,3.0,3.5,0.0,,,,
Guangzhou,Sanyuanli People's Anti-British Struggle Memorial Hall,,Red Tourism Sites,,23.166898,113.266612,,09:00,18:00,,2.0,3.0,0.0,,,,
Guangzhou,Chunyantai,,Cultural Landscape,,23.341129,113.095442,,10:00,18:00,,0.5,1.0,60.0,,,,
Guangzhou,Youma Space (Pazhou Branch),,Amusement Park/Sports & Entertainment,,23.103843,113.363278,,00:00,24:00,,1.0,2.0,0.0,,,,
Guangzhou,Pazhou Pagoda,,Historical Sites,,23.105305,113.382269,,00:00,24:00,,1.0,2.0,0.0,,,,
Guangzhou,Guangdong Herbal Tea Museum,,Museum/Memorial Hall,,23.185393,113.456405,,09:00,17:00,,3.0,3.5,0.0,,,,
Guangzhou,Pearl River Pita Beer Cultural and Creative Art District,,Cultural Tourism Zone,,23.112566,113.346401,,17:30,02:00,,2.0,3.0,0.0,,,,
Guangzhou,Moxing Ridge,,Natural Scenery,,23.188995,113.307707,,00:00,24:00,,2.5,4.0,0.0,,,,
Guangzhou,Wuzhi Mountain,,Natural Scenery,,23.741667,113.81041,,08:00,17:00,,2.0,3.0,20.0,,,,
Guangzhou,Guangzhou Valley International Tourism Resort,,Amusement Park/Sports & Entertainment,,23.478783,113.597056,,09:30,17:30,,1.5,2.0,0.0,,,,
Guangzhou,Dafu Mountain Forest Park,,Park,,22.956343,113.315528,,08:00,18:00,,2.5,3.0,0.0,,,,
Guangzhou,Haizhu Lake Park,,Park,,23.078539,113.330994,,08:00,20:00,,0.5,1.5,0.0,classic_hotspot;photo_spot;nature_hotspot,medium,low,weekend;holiday;summer
Guangzhou,Shamian Church,,Historical Sites,,23.112754,113.248153,,00:00,24:00,,3.0,3.5,0.0,,,,
Guangzhou,Tianhe Sports Center,,Amusement Park/Sports & Entertainment,,23.143232,113.331575,,06:00,22:00,,3.0,4.0,0.0,,,,
Guangzhou,Xinghai Concert Hall,,Art Museum/Gallery,,23.113815,113.31217,,00:00,20:30,,1.0,1.5,0.0,,,,
Guangzhou,Zhujiang Park,,Park,,23.127287,113.347168,,00:00,22:00,,2.0,3.0,0.0,,,,
Guangzhou,Wong Tai Sin Temple,,Cultural Landscape,,23.101465,113.233717,,00:00,17:30,,3.0,4.0,0.0,,,,
Guangzhou,Jiulong Lake Ecological Park,,Park,,23.47724,113.425418,,09:00,17:00,,1.0,2.5,55.0,,,,
Guangzhou,Panyu Children's Park,,Amusement Park/Sports & Entertainment,,22.967148,113.373662,,08:00,21:30,,1.5,3.0,0.0,classic_hotspot;photo_spot;nature_hotspot,medium,low,weekend;holiday;summer
Guangzhou,Yuexiu Mountain,,Park,,23.144092,113.269578,,00:00,21:00,,3.0,3.5,0.0,,,,
Guangzhou,Guangzhou International Finance Center - West Tower,,Commercial District,,23.123486,113.329659,,10:00,22:00,,3.0,3.5,0.0,,,,
Guangzhou,Tianhe Road Commercial District,,Commercial District,,23.147072,113.336053,,00:00,24:00,,0.5,1.0,0.0,shopping_hotspot;nature_hotspot,medium,low,weekend;holiday;evening;summer
Guangzhou,Guangzhou Lu Xun Memorial Hall,,Museum/Memorial Hall,,23.130224,113.283364,,09:00,17:00,,1.0,2.0,0.0,,,,
Guangzhou,Sanyuan Palace,,Historical Sites,,23.141037,113.269674,,00:00,17:00,,1.0,2.0,0.0,,,,
Guangzhou,Baiyun Mountain National Scenic Area - Glass Bridge,,Natural Scenery,,23.176297,113.308671,,08:30,17:00,,2.0,2.5,0.0,,,,
Guangzhou,Nanyue Garden,,Cultural Landscape,,22.904203,113.295986,,08:30,17:30,,1.5,2.0,42.0,,,,
Guangzhou,Guangdong Olympic Sports Center,,Amusement Park/Sports & Entertainment,,23.146083,113.418268,,00:00,24:00,,1.5,2.0,0.0,,,,
Guangzhou,TaxiWay Flight Center (Canton Tower Branch),,Amusement Park/Sports & Entertainment,,23.112219,113.331153,,10:00,22:00,,1.0,2.0,288.0,,,,
Guangzhou,"Xiaozhou Village, Guangdong Ancient Village",,Historical Sites,,23.068246,113.364821,,00:00,24:00,,3.0,4.0,0.0,,,,
Guangzhou,Maling Flower Viewing Botanical Garden,,Park,,23.48092,113.115289,,09:00,17:30,,2.0,2.5,79.9,,,,
Guangzhou,Liuxi River,,Natural Scenery,,23.309788,113.288276,,00:00,24:00,,0.5,1.0,0.0,,,,
Guangzhou,Tianchi Lake,,Natural Scenery,,22.988796,113.512643,,00:00,24:00,,1.5,2.0,0.0,,,,
Guangzhou,Colorful Australia Tour World,,Amusement Park/Sports & Entertainment,,23.327309,113.703262,,09:30,18:00,,2.0,2.5,52.9,,,,
Guangzhou,Hualin Zen Temple,,Historical Sites,,23.122428,113.253216,,00:00,17:00,,2.0,2.5,0.0,,,,
Guangzhou,Maofeng Mountain Scenic Area,,Natural Scenery,,23.308856,113.463457,,00:00,17:00,,0.5,1.0,10.0,,,,
Guangzhou,Humen Bridge,,Cultural Landscape,,22.792189,113.614387,,00:00,24:00,,3.0,3.5,0.0,,,,
Guangzhou,Baiyun Mountain Scenic Area - Summit Park,,Park,,23.177947,113.306399,,00:00,24:00,,2.0,3.5,0.0,,,,
Guangzhou,Tianlong Creek Natural Scenic Area,,Natural Scenery,,23.541753,113.256538,,09:00,22:00,,3.0,3.5,26.8,,,,
Guangzhou,Guangzhou Luhu Park,,Park,,23.154881,113.289439,,00:00,24:00,,0.5,1.5,0.0,,,,
Guangzhou,Nansha Coastal Wetland Scenic Area,,Natural Scenery,,22.75522,113.624057,,00:00,24:00,,0.5,1.5,0.0,,,,
Guangzhou,Shenzhen-Zhongshan Bridge,,Amusement Park/Sports & Entertainment,,22.564071,113.653126,,00:00,24:00,,2.0,2.5,0.0,,,,
Guangzhou,Guifeng Village,,Cultural Landscape,,23.814063,114.013896,,00:00,24:00,,1.0,2.0,0.0,,,,
Guangzhou,Da Hema Water World,,Amusement Park/Sports & Entertainment,,23.21988,113.331571,,10:00,18:00,,2.0,3.5,55.0,,,,
Guangzhou,Nansha Dajiao Mountain Coastal Park,,Park,,22.756166,113.625676,,00:00,24:00,,2.5,3.0,0.0,,,,
Guangzhou,Guangzhou Ye'en Animal Park,,Amusement Park/Sports & Entertainment,,23.142399,113.331733,,10:00,22:00,,1.5,2.0,0.0,,,,
Guangzhou,Nansha Coastal Swimming Pool,,Amusement Park/Sports & Entertainment,,22.766857,113.62641,,09:00,18:00,,1.0,2.0,0.0,,,,
Guangzhou,Pearl River Night Cruise (Haixinsha East District Pier),,Amusement Park/Sports & Entertainment,,23.116329,113.333457,,16:00,22:30,,2.5,3.0,0.0,,,,
Guangzhou,Nansha Shijiu Yong,,Cultural Landscape,,22.60589,113.65163,,00:00,24:00,,1.0,2.5,0.0,,,,
Guangzhou,Guangzhou Maritime Museum,,Museum/Memorial Hall,,23.085411,113.508844,,08:00,16:00,,2.5,3.0,0.0,,,,
Guangzhou,Bai'etan Greater Bay Area Art Center,,Art Museum/Gallery,,23.107106,113.246052,,09:00,17:00,,2.5,4.0,0.0,,,,
Guangzhou,Ecological Design Town,,Others,,23.708562,113.727591,,09:00,22:00,,2.0,3.5,0.0,,,,
Guangzhou,Xifang Dayuan Cultural Creative Park,,Cultural Tourism Zone,,22.943144,113.36367,,00:00,24:00,,2.0,3.0,0.0,,,,
Guangzhou,Guangzhou Baiyun International Convention Center,,Commercial District,,23.194991,113.286075,,00:00,24:00,,0.5,2.0,0.0,,,,
Guangzhou,Yuzhu Pier,,Cultural Landscape,,23.099873,113.436123,,00:00,23:30,,2.0,3.0,0.0,,,,
Guangzhou,Grandview Cyber Sports Space,,Amusement Park/Sports & Entertainment,,23.13786,113.333634,,10:00,22:00,,1.5,3.0,198.0,,,,
Guangzhou,Panyu Happy Forest,,Amusement Park/Sports & Entertainment,,23.016062,113.446159,,10:00,21:00,,2.5,3.0,19.9,,,,
Guangzhou,Chimelong Paradise - Happy Ferris Wheel,,Amusement Park/Sports & Entertainment,,23.003416,113.336111,,10:00,18:00,,1.5,2.0,0.0,,,,
Guangzhou,Guangdong Folk Art Museum,,Museum/Memorial Hall,,23.133185,113.252021,,09:00,18:00,,0.5,1.5,0.0,,,,
Guangzhou,Tianhe Daguan Wetland Park,,Park,,23.184698,113.429953,,00:00,24:00,,1.0,2.5,0.0,,,,
Guangzhou,Neobio Family Center (Yuehui City Branch),,Amusement Park/Sports & Entertainment,,23.155555,113.249688,,10:00,21:00,,2.5,3.0,0.0,,,,
Guangzhou,Hulu Mountain Forest Park,,Park,,23.187005,113.396663,,00:00,24:00,,1.0,2.0,0.0,classic_hotspot;photo_spot;nature_hotspot,medium,low,weekend;holiday;summer
Guangzhou,Nansha Huigu Super Embankment,,Park,,22.747254,113.612978,,00:00,24:00,,1.0,1.5,0.0,,,,
Guangzhou,Baihua Garden (Santang Road Branch),,Park,,22.944376,113.367285,,11:00,14:00,,2.0,3.0,0.0,,,,
Guangzhou,European Style Street,,Commercial District,,22.929721,113.361494,,00:00,24:00,,2.0,3.0,0.0,,,,
Guangzhou,Bishui Gorge Rafting,,Amusement Park/Sports & Entertainment,,23.684252,113.770997,,13:30,16:30,,0.5,1.5,35.0,,,,
Guangzhou,Guangzhou Asian Games City Comprehensive Gymnasium,,Amusement Park/Sports & Entertainment,,22.947651,113.488521,,09:00,12:00,,2.0,3.5,0.0,,,,
Guangzhou,Huaisheng Mosque,,Historical Sites,,23.129071,113.265427,,00:00,24:00,,2.0,2.5,0.0,,,,
Guangzhou,Guangzhou Art Museum (New Hall),,Art Museum/Gallery,,23.106824,113.332724,,09:00,17:00,,0.5,1.5,0.0,classic_hotspot;photo_spot;family_hotspot;culture_hotspot,medium,medium,weekend;holiday;school_holiday
Guangzhou,Sun Yat-sen Literature Museum,,Museum/Memorial Hall,,23.130477,113.277149,,09:30,17:30,,1.0,1.5,0.0,,,,
Guangzhou,Guangdong Huadu Lake National Wetland Park,,Park,,23.387857,113.23775,,06:30,22:00,,1.0,1.5,0.0,,,,
Guangzhou,Night Shanghai (Fashion Tianhe Commercial Plaza Branch),,Commercial District,,23.139698,113.331829,,10:00,22:00,,0.5,1.0,0.0,,,,
Guangzhou,Guangzhou Uprising Martyrs' Cemetery,,Red Tourism Sites,,23.135765,113.292235,,00:00,21:00,,0.5,1.5,0.0,classic_hotspot,medium,medium,weekend;holiday
Guangzhou,Shenjing Ancient Village,,Historical Sites,,23.082073,113.415391,,00:00,24:00,,0.5,1.0,0.0,,,,
Guangzhou,Guangzhou Jidong Park,,Amusement Park/Sports & Entertainment,,23.109833,113.42645,,10:00,21:00,,2.0,3.5,0.0,,,,
Guangzhou,Paitan Town,,Natural Scenery,,23.496063,113.790665,,00:00,24:00,,3.0,3.5,0.0,,,,
Guangzhou,Anhua Hui Happy Boat Theme Park,,Amusement Park/Sports & Entertainment,,23.223415,113.303516,,10:00,19:00,,0.5,2.0,30.0,,,,
Guangzhou,Haixinsha Asian Games Park - Haixinsha Square,,Park,,23.119151,113.327574,,00:00,24:00,,2.0,2.5,0.0,,,,
Guangzhou,OMG Internet Celebrity Street,,Commercial District,,23.045464,113.323994,,09:00,22:00,,3.0,4.0,0.0,,,,
Guangzhou,Lihu Park,,Park,,23.247055,113.818367,,00:00,24:00,,1.5,3.0,0.0,,,,
Guangzhou,Guangzhou Suspended Glass Art Museum (Tianhe Flagship Store),,Art Museum/Gallery,,23.142293,113.330878,,10:00,22:00,,2.0,3.0,39.9,,,,
Guangzhou,Guangzhou Uprising Memorial Hall,,Red Tourism Sites,,23.130345,113.270873,,09:00,17:30,,2.5,4.0,0.0,,,,
Guangzhou,Shitouji Mineral Garden,,Park,,23.406978,113.167616,,09:00,18:00,,1.0,2.0,55.0,,,,
Guangzhou,Guangdong Foreign Affairs Museum,,Museum/Memorial Hall,,23.112228,113.254694,,09:00,11:30,,1.0,2.0,0.0,,,,
Guangzhou,Maldives Happy Island,,Amusement Park/Sports & Entertainment,,23.136176,113.683563,,09:00,23:00,,2.5,3.0,0.0,,,,
Guangzhou,Baoqu Rose World,,Amusement Park/Sports & Entertainment,,23.627666,113.589991,,09:00,18:00,,2.0,3.0,45.0,,,,
Guangzhou,Wangzi Mountain Forest Park,,Park,,23.573497,113.222987,,00:00,17:00,,2.0,2.5,0.0,,,,
Guangzhou,Shamian Island - Riverside Square,,Cultural Landscape,,23.111167,113.25089,,00:00,24:00,,0.5,1.0,0.0,,,,
Guangzhou,Guangdong Museum of Traditional Chinese Medicine,,Museum/Memorial Hall,,23.06527,113.41211,,09:00,16:45,,0.5,2.0,0.0,,,,
Guangzhou,Lin Zexu Memorial Park,,Red Tourism Sites,,23.118215,113.293276,,00:00,24:00,,1.0,2.5,0.0,,,,
Guangzhou,Shennong Caotang Traditional Chinese Medicine Museum,,Museum/Memorial Hall,,23.202979,113.344502,,08:30,12:00,,1.0,1.5,0.0,,,,
Guangzhou,Guangzhou Unicorn Starry Sky Art Museum,,Art Museum/Gallery,,23.128956,113.273693,,10:00,22:00,,0.5,1.5,39.8,,,,
Guangzhou,Wanbo Center,,Commercial District,,23.013736,113.349203,,09:00,17:30,,0.5,2.0,0.0,,,,
Guangzhou,Zengjiang Gallery,,Natural Scenery,,23.262268,113.832543,,00:00,24:00,,2.0,2.5,0.0,,,,
Guangzhou,Mangu Garden,,Cultural Landscape,,23.408068,113.164816,,00:00,22:00,,1.5,2.0,0.0,,,,
Guangzhou,Whampoa Military Academy Historical Site First Exhibition Hall,,Red Tourism Sites,,23.092223,113.432175,,09:00,17:00,,3.0,3.5,0.0,,,,
Guangzhou,Sihai Equestrian,,Amusement Park/Sports & Entertainment,,23.027175,113.454251,,09:30,11:00,,3.0,4.0,0.0,,,,
Guangzhou,Upside Down Museum (Jiedeng Metropolis Branch),,Museum/Memorial Hall,,23.13211,113.27208,,10:00,21:00,,2.5,3.0,0.0,,,,
Guangzhou,Guangzhou Modern History Museum,,Museum/Memorial Hall,,23.134641,113.289774,,09:00,17:30,,1.0,2.5,0.0,,,,
Guangzhou,Nanping Jingxiu Town,,Cultural Tourism Zone,,23.556879,113.726403,,00:00,24:00,,2.0,3.0,0.0,,,,
Guangzhou,Nanyue Kingdom Water Gate Ruins (Guangming Plaza),,Historical Sites,,23.128582,113.273819,,14:00,18:00,,2.0,2.5,0.0,,,,
Guangzhou,Catholic Guangzhou Diocese Notre Dame de Lourdes Church,,Historical Sites,,23.113254,113.254233,,06:00,17:00,,3.0,3.5,0.0,,,,
Guangzhou,Guangzhou Panyu Helicopter Sightseeing Area,,Amusement Park/Sports & Entertainment,,22.971341,113.52181,,09:00,21:00,,2.0,2.5,499.0,,,,
Guangzhou,Pearl River Night Cruise Provincial Federation Pier,,Cultural Landscape,,23.117493,113.268404,,17:00,21:30,,0.5,1.0,0.0,,,,
Guangzhou,Guangzhou Ancient City Wall,,Historical Sites,,23.142631,113.269913,,00:00,22:00,,1.0,2.5,0.0,,,,
Guangzhou,Guangzhou Celebrity Wax Museum,,Museum/Memorial Hall,,23.111322,113.331595,,09:30,22:30,,2.0,3.0,0.0,,,,
Guangzhou,Haichuang Temple,,Historical Sites,,23.111474,113.265451,,07:00,17:00,,0.5,1.5,0.0,,,,
Guangzhou,Hanjiang House,,Historical Sites,,23.034802,113.371985,,09:00,19:00,,1.5,2.0,0.0,,,,
Guangzhou,Sea Erosion Cave,,Natural Scenery,,23.113316,113.607356,,00:00,24:00,,1.5,3.0,0.0,,,,
Guangzhou,Memorial Hall of the Site of the Third National Congress of the Communist Party of China,,Red Tourism Sites,,23.125053,113.302578,,09:00,17:30,,0.5,1.5,0.0,,,,
Guangzhou,Art of the Roman Empire - Exhibition of Masterpieces from the National Archaeological Museum of Naples,,Museum/Memorial Hall,,23.120486,113.332975,,09:00,17:00,,1.0,2.0,0.0,,,,
Guangzhou,Maker Park,,Park,,23.071633,113.297841,,00:00,24:00,,0.5,2.0,0.0,,,,
Guangzhou,Boat Tour to Explore Hidden Secrets,,Natural Scenery,,23.030921,113.28094,,11:00,17:00,,3.0,3.5,0.0,,,,
Guangzhou,Zhongshan Park,,Park,,23.079364,113.423999,,00:00,24:00,,2.0,3.5,0.0,,,,
Guangzhou,Central Performing Arts Plaza,,Cultural Landscape,,23.005159,113.337564,,00:00,24:00,,0.5,1.0,0.0,,,,
Guangzhou,Guangzhou Folklore Museum,,Museum/Memorial Hall,,23.392541,113.198186,,09:00,17:00,,3.0,3.5,0.0,,,,
Guangzhou,Zinitang,,Cultural Landscape,,22.897389,113.291907,,00:00,24:00,,1.0,2.0,0.0,,,,
Guangzhou,Pearl River Night Cruise Convention and Exhibition Center Pier,,Amusement Park/Sports & Entertainment,,23.110572,113.369801,,10:00,22:00,,2.5,3.0,0.0,,,,
Guangzhou,Guangzhou Incredible Sports Block,,Amusement Park/Sports & Entertainment,,23.125892,113.27646,,10:00,22:00,,2.5,3.0,0.0,,,,
Guangzhou,Dajisha,,Cultural Landscape,,23.087628,113.460518,,00:00,24:00,,3.0,3.5,0.0,,,,
Guangzhou,Butterfly Valley,,Amusement Park/Sports & Entertainment,,23.560945,113.231813,,08:30,18:00,,2.5,4.0,0.0,,,,
Guangzhou,"Zhengguo Old Street Scenic Area, Zhengguo Town, Zengcheng District",,Cultural Tourism Zone,,23.423866,113.901193,,00:00,24:00,,1.5,3.0,0.0,,,,
Guangzhou,Huashan Town,,Cultural Landscape,,23.446089,113.291138,,09:00,22:00,,2.5,3.0,0.0,,,,
Guangzhou,Huangsha Pier,,Cultural Landscape,,23.112267,113.246886,,06:00,22:00,,2.0,3.0,0.0,,,,
Guangzhou,Huangshanlu Forest Park,,Park,,22.783267,113.577166,,00:00,16:30,,0.5,2.0,0.0,,,,
Guangzhou,Hometown Folk Culture Village,,Cultural Tourism Zone,,23.489996,113.0702,,09:00,17:00,,1.0,2.0,58.0,,,,
Guangzhou,Cave Exploration Workshop (Six Elements Flagship Store),,Amusement Park/Sports & Entertainment,,23.102275,113.378826,,10:00,21:00,,0.5,1.0,0.0,,,,
Guangzhou,Kaloka Space Forest Family Park,,Amusement Park/Sports & Entertainment,,23.434425,113.24712,,10:00,20:00,,2.5,3.0,0.0,,,,
Guangzhou,Guangzhou University Town Sports Center,,Amusement Park/Sports & Entertainment,,23.0609,113.397292,,14:00,22:00,,0.5,1.0,0.0,,,,
Guangzhou,Eighteen Arhats Mountain Forest Park,,Park,,22.792373,113.412964,,06:30,18:30,,0.5,1.5,0.0,,,,
Guangzhou,Huangpu Military Theme Park,,Amusement Park/Sports & Entertainment,,23.078618,113.411678,,09:00,17:00,,1.0,2.0,0.0,,,,
Guangzhou,Renwei Ancestral Temple,,Historical Sites,,23.128977,113.242168,,08:00,17:00,,2.0,3.5,0.0,,,,
Guangzhou,Yadong River Stream,,Natural Scenery,,23.70448,113.733508,,00:00,24:00,,2.5,3.0,0.0,,,,
Guangzhou,Guangzhou Art Museum (New Building),,Art Museum/Gallery,,23.106533,113.332614,,09:00,17:30,,0.5,1.0,0.0,,,,
Guangzhou,Lingshan Island Tip,,Natural Scenery,,22.778073,113.523847,,00:00,24:00,,1.5,2.0,0.0,,,,
Guangzhou,Liugeng Hall,,Historical Sites,,22.910211,113.340343,,00:00,17:30,,2.5,3.0,0.0,,,,
Guangzhou,Former Residence of Hong Xiuquan,,Red Tourism Sites,,23.423379,113.179413,,09:00,17:00,,1.5,3.0,0.0,,,,
Guangzhou,Western Suburbs Swimming Pool,,Amusement Park/Sports & Entertainment,,23.128977,113.234057,,07:00,21:30,,1.0,2.0,34.8,,,,
Guangzhou,Guangzhou Overseas Chinese Museum,,Museum/Memorial Hall,,23.119256,113.271033,,09:30,17:00,,3.0,4.0,0.0,,,,
Guangzhou,Puzhou Garden,,Park,,22.768203,113.6226,,00:00,19:00,,3.0,3.5,0.0,,,,
Guangzhou,Fengyunling Forest Park,,Park,,23.54756,113.570755,,00:00,24:00,,0.5,2.0,0.0,,,,
Guangzhou,Guangzhou Tunnel Museum,,Museum/Memorial Hall,,22.764352,113.55845,,10:00,16:30,,0.5,2.0,0.0,,,,
Guangzhou,Former Residence of Mr. Sun Yat-sen,,Red Tourism Sites,,23.092745,113.431038,,09:00,17:00,,0.5,1.0,0.0,,,,
Guangzhou,Gangtou Village Ancient Village,,Historical Sites,,23.428573,113.401361,,00:00,24:00,,2.0,3.5,0.0,,,,
Guangzhou,Guangzhou chi K11 Art Space,,Art Museum/Gallery,,23.123892,113.332952,,10:00,21:30,,1.0,2.0,0.0,,,,
Guangzhou,Former Site of the All-China Federation of Trade Unions,,Red Tourism Sites,,23.125529,113.284248,,09:00,17:30,,0.5,1.0,0.0,,,,
Guangzhou,Guangzhou Baiyun Lake Park,,Park,,23.234257,113.243843,,00:00,21:00,,1.0,2.0,0.0,classic_hotspot;photo_spot;nature_hotspot,medium,low,weekend;holiday;summer
Guangzhou,Guangzhou Gymnasium,,Amusement Park/Sports & Entertainment,,23.187879,113.284057,,09:00,22:00,,1.0,2.5,0.0,,,,
Guangzhou,Langtou Village,,Historical Sites,,23.345045,113.094007,,00:00,24:00,,1.5,2.0,0.0,,,,
Guangzhou,Guangzhou Sculpture Park,,Park,,23.156454,113.27673,,00:00,24:00,,1.5,3.0,0.0,,,,
Guangzhou,Aoka HOKA Light and Shadow Theater,,Amusement Park/Sports & Entertainment,,23.145414,113.313542,,09:00,16:00,,2.0,3.0,35.0,,,,
Guangzhou,People's Park,,Park,,23.133405,113.270815,,00:00,24:00,,0.5,1.0,0.0,classic_hotspot;photo_spot;nature_hotspot,medium,low,weekend;holiday;summer
Guangzhou,Harry Potter (Haizhu Xinduhui Store),,Amusement Park/Sports & Entertainment,,23.07911,113.298414,,10:00,22:00,,1.0,2.0,0.0,,,,
Guangzhou,Nanyue Kingdom Palace Ruins,,Historical Sites,,23.133223,113.276322,,09:00,17:00,,2.0,3.5,0.0,,,,
Guangzhou,Coastal Park,,Park,,22.756007,113.625699,,00:00,24:00,,0.5,1.0,0.0,,,,
Guangzhou,Tianhu Tourism Scenic Area,,Natural Scenery,,23.655576,113.636903,,09:00,17:00,,0.5,1.0,25.0,,,,
Guangzhou,Luogang Xiangxue Park,,Park,,23.189269,113.533589,,00:00,24:00,,0.5,1.0,0.0,,,,
Guangzhou,Guangzhou Erlongshan Garden,,Park,,23.359062,113.736507,,09:00,17:30,,1.5,2.0,0.0,,,,
Guangzhou,Miaqian Night Market,,Commercial District,,23.12929,113.300837,,18:00,24:00,,2.0,3.0,0.0,,,,
Guangzhou,Chigang Tower,,Historical Sites,,23.107593,113.329276,,00:00,24:00,,1.0,2.0,0.0,,,,
Guangzhou,Guangzhou Sunac Grand Circus - Fantasy Secret Realm,,Amusement Park/Sports & Entertainment,,23.43547,113.246764,,10:00,20:00,,2.0,2.5,0.0,,,,
Guangzhou,LPS Local Park,,Park,,23.125749,113.303105,,11:00,20:00,,2.0,3.5,0.0,,,,
Guangzhou,Guangzhou Urban Planning Exhibition Center,,Museum/Memorial Hall,,23.197644,113.284064,,09:00,17:00,,2.0,3.0,0.0,,,,
Guangzhou,Yanjiang Road Bar Street,,Commercial District,,23.039826,113.317041,,00:00,24:00,,1.0,2.5,0.0,,,,
Guangzhou,Guanlong Island,,Natural Scenery,,22.909307,113.490148,,00:00,24:00,,2.0,2.5,0.0,,,,
Guangzhou,Xiguan Grand Mansion Gate,,Historical Sites,,23.124206,113.242879,,00:00,24:00,,0.5,2.0,0.0,,,,
Guangzhou,Guangzhou Sports Culture Museum,,Museum/Memorial Hall,,23.144373,113.328775,,09:00,17:00,,2.5,4.0,0.0,,,,
Guangzhou,Koala Plaza,,Commercial District,,23.006163,113.321381,,00:00,24:00,,2.5,4.0,0.0,,,,
Guangzhou,Huadu Wetland Park,,Park,,23.394674,113.262518,,06:00,22:00,,1.0,2.5,0.0,,,,
Guangzhou,Huangpu Village,,Historical Sites,,23.100133,113.404609,,00:00,24:00,,1.0,2.0,0.0,,,,
Guangzhou,Tropic of Cancer Park,,Park,,23.444851,113.493292,,00:00,24:00,,3.0,3.5,0.0,,,,
Guangzhou,Pearl River Night Cruise (Taikoo Hui Pier),,Cultural Landscape,,23.094724,113.258941,,09:00,22:00,,1.5,2.0,108.0,night_hotspot;photo_spot;classic_hotspot,high,high,weekend;holiday;evening
Guangzhou,Luodong Artisan Town,,Cultural Landscape,,23.502871,113.624054,,09:00,17:00,,2.0,3.5,0.0,,,,
Guangzhou,Zhan Tianyou Former Residence Memorial Hall,,Museum/Memorial Hall,,23.11889,113.246014,,10:00,17:30,,3.0,3.5,0.0,,,,
Guangzhou,Christian Savior Church,,Cultural Landscape,,23.126099,113.277701,,09:00,17:00,,0.5,1.0,0.0,,,,
Guangzhou,Ma'anshan Park,,Park,,23.400687,113.244103,,00:00,24:00,,0.5,1.0,0.0,,,,
Guangzhou,Children's World Exhibition Hall,,Amusement Park/Sports & Entertainment,,23.045277,113.368971,,09:30,16:30,,2.0,2.5,0.0,,,,
Guangzhou,Deng Shichang Memorial Hall,,Museum/Memorial Hall,,23.107473,113.266899,,09:00,17:00,,3.0,3.5,0.0,,,,
Guangzhou,Amy Rice Fragrance Town,,Cultural Tourism Zone,,23.553413,113.566048,,00:00,24:00,,0.5,1.0,0.0,,,,
Guangzhou,Peach Blossom Town,,Cultural Tourism Zone,,23.497222,113.621667,,00:00,23:00,,0.5,1.0,0.0,,,,
Guangzhou,Dishuiyan Forest Park,,Park,,22.911546,113.32154,,00:00,18:00,,2.0,3.0,0.0,,,,
Guangzhou,Guangzhou City Double-Decker Sightseeing Bus,,Amusement Park/Sports & Entertainment,,23.121065,113.274234,,09:30,21:30,,2.0,2.5,50.0,,,,
Guangzhou,Daling Village,,Cultural Landscape,,22.990928,113.483917,,00:00,24:00,,1.0,2.0,0.0,,,,
Guangzhou,1978 Cultural and Creative Industrial Park,,Cultural Tourism Zone,,23.302686,113.850166,,00:00,24:00,,2.0,2.5,0.0,,,,
Guangzhou,Yifangle Tian Urban Farm,,Park,,23.079113,113.310354,,09:30,22:30,,3.0,4.0,37.4,,,,
Guangzhou,Guigang Republic of China Architectural Complex,,Historical Sites,,23.127913,113.300049,,00:00,24:00,,1.0,2.5,0.0,,,,
Guangzhou,Nansha Happy World,,Amusement Park/Sports & Entertainment,,22.905648,113.403675,,10:00,19:00,,2.0,3.0,0.0,,,,
Guangzhou,Lingnan Finance Museum,,Museum/Memorial Hall,,23.130111,113.273057,,09:00,17:00,,1.0,2.0,0.0,,,,
Guangzhou,Huaguoshan Park,,Park,,23.395248,113.225884,,00:00,24:00,,1.0,1.5,0.0,,,,
Guangzhou,Guangzhou No. 8 Art Threshing Floor,,Cultural Landscape,,23.033539,113.438048,,00:00,24:00,,0.5,1.0,0.0,,,,
Guangzhou,Xiaopingyuan Leisure Science and Education Farm,,Park,,23.469808,113.192439,,09:30,19:00,,2.0,3.5,24.9,,,,
Guangzhou,Guangzhou Xiangyun Skydiving Club (Zengcheng Base),,Amusement Park/Sports & Entertainment,,23.281304,113.82263,,00:00,23:30,,2.0,3.0,0.0,,,,
Guangzhou,Haibang Water Town,,Natural Scenery,,22.948095,113.472611,,00:00,24:00,,2.5,3.0,0.0,,,,
Guangzhou,Shiji,,Historical Sites,,22.956489,113.432973,,00:00,24:00,,1.5,2.0,0.0,,,,
Guangzhou,Taohua Stream,,Natural Scenery,,23.197683,113.313586,,00:00,24:00,,2.5,3.0,0.0,,,,
Guangzhou,Xiaogang Park,,Park,,23.102924,113.287264,,00:00,21:00,,2.0,3.5,0.0,,,,
Guangzhou,Xintang Park,,Park,,23.125106,113.624689,,00:00,24:00,,0.5,1.0,0.0,,,,
Guangzhou,Nanping Village,,Red Tourism Sites,,23.554016,113.723738,,00:00,24:00,,2.0,3.0,0.0,,,,
Guangzhou,Zhoutouju Park,,Park,,23.107862,113.252296,,00:00,24:00,,2.0,3.0,0.0,,,,
Guangzhou,Shamian Street Cultural Station,,Cultural Tourism Zone,,23.113885,113.251112,,09:30,11:30,,1.0,2.5,0.0,,,,
Guangzhou,Meihua Aerospace Science Popularization Base,,Amusement Park/Sports & Entertainment,,23.422687,113.25454,,08:00,18:00,,0.5,1.5,0.0,,,,
Guangzhou,Huangpu Park,,Park,,23.104145,113.458325,,00:00,21:00,,0.5,2.0,0.0,,,,
Guangzhou,Haizhu Bridge,,Historical Sites,,23.117869,113.273947,,00:00,24:00,,3.0,4.0,0.0,,,,
Guangzhou,Teemall,"A well-known shopping center in Guangzhou, featuring a wide variety of brands and dining options, offering a great shopping experience.",Leisure Experience,,23.132333,113.322605,4.8,10:00,22:00,,1.5,3.0,0.0,,,,
Guangzhou,Taikoo Hui,A high-end shopping center featuring international luxury brands and boutique restaurants in an elegant environment.,Leisure Experience,,23.134218,113.332479,4.8,10:00,22:00,,1.5,3.0,0.0,,,,
Guangzhou,Dongshankou Arts District,"A gathering place for Republican-era villas, with numerous artistic cafes and bookstores, exuding a strong bohemian charm.",Historical and Cultural,,23.129000,113.286000,4.5,00:00,24:00,,2.0,3.5,0.0,,,,
Guangzhou,Guangdong Museum of Art (Ersha Island Branch),"An important art exhibition institution in South China, regularly hosting contemporary art exhibitions.",Art Exhibition,,23.107950,113.307228,4.8,09:00,17:00,Monday,1.5,3.0,0.0,,,,
